year	month	ira	customers_type	amount_of_customers
2017	1	AC	Archer	679.0
2017	1	AC	Monk	1070.0
2017	1	AC	Dwarf	610.0
2017	1	AC	Centaur	1315.0
2017	1	AC	Gremlin	1554.0
2017	1	AC	Genie	4899.0
2017	1	AC	Demon	575.0
2017	1	AC	Ghost	1006.0
2017	1	AC	Minotaur	235.0
2017	1	AC	Medusa	441.0
2017	1	AC	Goblin	399.0
2017	1	AC	Orc	2523.0
2017	1	AC	Gargoyle	1268.0
2017	1	AC	Pegasus	1027.0
2017	1	AC	Pirate	17465.0
2017	1	AC	Unicorn	2501.0
2017	1	AC	Giant	871.0
2017	1	AC	Elf	5882.0
2017	1	AC	Angel	1527.0
2017	1	AC	other	8549.0
2017	2	AC	Archer	717.0
2017	2	AC	Monk	864.0
2017	2	AC	Dwarf	457.0
2017	2	AC	Centaur	1601.0
2017	2	AC	Gremlin	1713.0
2017	2	AC	Genie	5070.0
2017	2	AC	Demon	524.0
2017	2	AC	Ghost	882.0
2017	2	AC	Minotaur	141.0
2017	2	AC	Medusa	434.0
2017	2	AC	Goblin	415.0
2017	2	AC	Orc	1740.0
2017	2	AC	Gargoyle	1176.0
2017	2	AC	Pegasus	895.0
2017	2	AC	Pirate	21367.0
2017	2	AC	Unicorn	2250.0
2017	2	AC	Giant	680.0
2017	2	AC	Elf	4002.0
2017	2	AC	Angel	1675.0
2017	2	AC	other	7696.0
2017	3	AC	Archer	946.0
2017	3	AC	Monk	817.0
2017	3	AC	Dwarf	653.0
2017	3	AC	Centaur	1498.0
2017	3	AC	Gremlin	1668.0
2017	3	AC	Genie	6447.0
2017	3	AC	Demon	731.0
2017	3	AC	Ghost	1010.0
2017	3	AC	Minotaur	179.0
2017	3	AC	Medusa	488.0
2017	3	AC	Goblin	512.0
2017	3	AC	Orc	2048.0
2017	3	AC	Gargoyle	1300.0
2017	3	AC	Pegasus	1309.0
2017	3	AC	Pirate	26160.0
2017	3	AC	Unicorn	2225.0
2017	3	AC	Giant	893.0
2017	3	AC	Elf	5527.0
2017	3	AC	Angel	1524.0
2017	3	AC	other	9228.0
2017	4	AC	Archer	728.0
2017	4	AC	Monk	816.0
2017	4	AC	Dwarf	841.0
2017	4	AC	Centaur	1769.0
2017	4	AC	Gremlin	2019.0
2017	4	AC	Genie	6198.0
2017	4	AC	Demon	1024.0
2017	4	AC	Ghost	1077.0
2017	4	AC	Minotaur	187.0
2017	4	AC	Medusa	489.0
2017	4	AC	Goblin	584.0
2017	4	AC	Orc	1976.0
2017	4	AC	Gargoyle	1524.0
2017	4	AC	Pegasus	1025.0
2017	4	AC	Pirate	33012.0
2017	4	AC	Unicorn	2794.0
2017	4	AC	Giant	1283.0
2017	4	AC	Elf	5172.0
2017	4	AC	Angel	1443.0
2017	4	AC	other	9127.0
2017	5	AC	Archer	805.0
2017	5	AC	Monk	1029.0
2017	5	AC	Dwarf	1086.0
2017	5	AC	Centaur	2072.0
2017	5	AC	Gremlin	1749.0
2017	5	AC	Genie	6783.0
2017	5	AC	Demon	2440.0
2017	5	AC	Ghost	1025.0
2017	5	AC	Minotaur	457.0
2017	5	AC	Medusa	510.0
2017	5	AC	Goblin	577.0
2017	5	AC	Orc	1761.0
2017	5	AC	Gargoyle	1580.0
2017	5	AC	Pegasus	1134.0
2017	5	AC	Pirate	31279.0
2017	5	AC	Unicorn	3299.0
2017	5	AC	Giant	986.0
2017	5	AC	Elf	6524.0
2017	5	AC	Angel	1248.0
2017	5	AC	other	10108.0
2017	6	AC	Archer	829.0
2017	6	AC	Monk	1063.0
2017	6	AC	Dwarf	1042.0
2017	6	AC	Centaur	2302.0
2017	6	AC	Gremlin	1780.0
2017	6	AC	Genie	6295.0
2017	6	AC	Demon	2758.0
2017	6	AC	Ghost	1179.0
2017	6	AC	Minotaur	386.0
2017	6	AC	Medusa	506.0
2017	6	AC	Goblin	597.0
2017	6	AC	Orc	1948.0
2017	6	AC	Gargoyle	1651.0
2017	6	AC	Pegasus	1203.0
2017	6	AC	Pirate	28890.0
2017	6	AC	Unicorn	3261.0
2017	6	AC	Giant	824.0
2017	6	AC	Elf	8881.0
2017	6	AC	Angel	1271.0
2017	6	AC	other	10865.0
2017	7	AC	Archer	864.0
2017	7	AC	Monk	1064.0
2017	7	AC	Dwarf	1048.0
2017	7	AC	Centaur	2747.0
2017	7	AC	Gremlin	2227.0
2017	7	AC	Genie	7584.0
2017	7	AC	Demon	1544.0
2017	7	AC	Ghost	1392.0
2017	7	AC	Minotaur	284.0
2017	7	AC	Medusa	587.0
2017	7	AC	Goblin	773.0
2017	7	AC	Orc	2046.0
2017	7	AC	Gargoyle	1788.0
2017	7	AC	Pegasus	1510.0
2017	7	AC	Pirate	45487.0
2017	7	AC	Unicorn	3557.0
2017	7	AC	Giant	2075.0
2017	7	AC	Elf	9916.0
2017	7	AC	Angel	1406.0
2017	7	AC	other	13356.0
2017	8	AC	Archer	815.0
2017	8	AC	Monk	1043.0
2017	8	AC	Dwarf	1056.0
2017	8	AC	Centaur	3000.0
2017	8	AC	Gremlin	2409.0
2017	8	AC	Genie	7395.0
2017	8	AC	Demon	1264.0
2017	8	AC	Ghost	1588.0
2017	8	AC	Minotaur	408.0
2017	8	AC	Medusa	616.0
2017	8	AC	Goblin	625.0
2017	8	AC	Orc	2003.0
2017	8	AC	Gargoyle	1525.0
2017	8	AC	Pegasus	1980.0
2017	8	AC	Pirate	31631.0
2017	8	AC	Unicorn	3372.0
2017	8	AC	Giant	3009.0
2017	8	AC	Elf	9193.0
2017	8	AC	Angel	1685.0
2017	8	AC	other	12263.0
2017	9	AC	Archer	862.0
2017	9	AC	Monk	1103.0
2017	9	AC	Dwarf	1013.0
2017	9	AC	Centaur	2089.0
2017	9	AC	Gremlin	1822.0
2017	9	AC	Genie	7699.0
2017	9	AC	Demon	1329.0
2017	9	AC	Ghost	1280.0
2017	9	AC	Minotaur	325.0
2017	9	AC	Medusa	589.0
2017	9	AC	Goblin	688.0
2017	9	AC	Orc	2110.0
2017	9	AC	Gargoyle	1773.0
2017	9	AC	Pegasus	1397.0
2017	9	AC	Pirate	35180.0
2017	9	AC	Unicorn	4232.0
2017	9	AC	Giant	1694.0
2017	9	AC	Elf	8790.0
2017	9	AC	Angel	1461.0
2017	9	AC	other	12116.0
2017	10	AC	Archer	852.0
2017	10	AC	Monk	1085.0
2017	10	AC	Dwarf	782.0
2017	10	AC	Centaur	2392.0
2017	10	AC	Gremlin	2001.0
2017	10	AC	Genie	8081.0
2017	10	AC	Demon	1255.0
2017	10	AC	Ghost	1308.0
2017	10	AC	Minotaur	341.0
2017	10	AC	Medusa	567.0
2017	10	AC	Goblin	698.0
2017	10	AC	Orc	1938.0
2017	10	AC	Gargoyle	1692.0
2017	10	AC	Pegasus	1144.0
2017	10	AC	Pirate	40221.0
2017	10	AC	Unicorn	3143.0
2017	10	AC	Giant	664.0
2017	10	AC	Elf	6304.0
2017	10	AC	Angel	1158.0
2017	10	AC	other	11060.0
2017	11	AC	Archer	831.0
2017	11	AC	Monk	887.0
2017	11	AC	Dwarf	596.0
2017	11	AC	Centaur	1440.0
2017	11	AC	Gremlin	1674.0
2017	11	AC	Genie	6190.0
2017	11	AC	Demon	852.0
2017	11	AC	Ghost	1095.0
2017	11	AC	Minotaur	343.0
2017	11	AC	Medusa	516.0
2017	11	AC	Goblin	519.0
2017	11	AC	Orc	1915.0
2017	11	AC	Gargoyle	1400.0
2017	11	AC	Pegasus	975.0
2017	11	AC	Pirate	26202.0
2017	11	AC	Unicorn	2118.0
2017	11	AC	Giant	569.0
2017	11	AC	Elf	4740.0
2017	11	AC	Angel	1099.0
2017	11	AC	other	8563.0
2017	12	AC	Archer	772.0
2017	12	AC	Monk	860.0
2017	12	AC	Dwarf	607.0
2017	12	AC	Centaur	1222.0
2017	12	AC	Gremlin	1778.0
2017	12	AC	Genie	6401.0
2017	12	AC	Demon	706.0
2017	12	AC	Ghost	1245.0
2017	12	AC	Minotaur	222.0
2017	12	AC	Medusa	522.0
2017	12	AC	Goblin	569.0
2017	12	AC	Orc	1715.0
2017	12	AC	Gargoyle	1481.0
2017	12	AC	Pegasus	1236.0
2017	12	AC	Pirate	31364.0
2017	12	AC	Unicorn	2215.0
2017	12	AC	Giant	898.0
2017	12	AC	Elf	5096.0
2017	12	AC	Angel	1495.0
2017	12	AC	other	8995.0
2018	1	AC	Archer	722.0
2018	1	AC	Monk	1124.0
2018	1	AC	Dwarf	686.0
2018	1	AC	Centaur	1620.0
2018	1	AC	Gremlin	1517.0
2018	1	AC	Genie	5693.0
2018	1	AC	Demon	654.0
2018	1	AC	Ghost	1128.0
2018	1	AC	Minotaur	428.0
2018	1	AC	Medusa	544.0
2018	1	AC	Goblin	479.0
2018	1	AC	Orc	2619.0
2018	1	AC	Gargoyle	1387.0
2018	1	AC	Pegasus	1027.0
2018	1	AC	Pirate	20347.0
2018	1	AC	Unicorn	2376.0
2018	1	AC	Giant	780.0
2018	1	AC	Elf	6073.0
2018	1	AC	Angel	1495.0
2018	1	AC	other	9031.0
2018	2	AC	Archer	747.0
2018	2	AC	Monk	755.0
2018	2	AC	Dwarf	551.0
2018	2	AC	Centaur	1942.0
2018	2	AC	Gremlin	1789.0
2018	2	AC	Genie	5781.0
2018	2	AC	Demon	523.0
2018	2	AC	Ghost	989.0
2018	2	AC	Minotaur	230.0
2018	2	AC	Medusa	550.0
2018	2	AC	Goblin	460.0
2018	2	AC	Orc	1950.0
2018	2	AC	Gargoyle	1337.0
2018	2	AC	Pegasus	927.0
2018	2	AC	Pirate	24256.0
2018	2	AC	Unicorn	2147.0
2018	2	AC	Giant	559.0
2018	2	AC	Elf	4246.0
2018	2	AC	Angel	1519.0
2018	2	AC	other	8127.0
2018	3	AC	Archer	841.0
2018	3	AC	Monk	896.0
2018	3	AC	Dwarf	816.0
2018	3	AC	Centaur	1962.0
2018	3	AC	Gremlin	1701.0
2018	3	AC	Genie	7001.0
2018	3	AC	Demon	794.0
2018	3	AC	Ghost	1116.0
2018	3	AC	Minotaur	336.0
2018	3	AC	Medusa	646.0
2018	3	AC	Goblin	539.0
2018	3	AC	Orc	2526.0
2018	3	AC	Gargoyle	1495.0
2018	3	AC	Pegasus	1090.0
2018	3	AC	Pirate	26274.0
2018	3	AC	Unicorn	2156.0
2018	3	AC	Giant	886.0
2018	3	AC	Elf	6165.0
2018	3	AC	Angel	1662.0
2018	3	AC	other	9733.0
2018	4	AC	Archer	876.0
2018	4	AC	Monk	844.0
2018	4	AC	Dwarf	887.0
2018	4	AC	Centaur	2394.0
2018	4	AC	Gremlin	2028.0
2018	4	AC	Genie	7481.0
2018	4	AC	Demon	1244.0
2018	4	AC	Ghost	1208.0
2018	4	AC	Minotaur	484.0
2018	4	AC	Medusa	621.0
2018	4	AC	Goblin	709.0
2018	4	AC	Orc	2106.0
2018	4	AC	Gargoyle	1579.0
2018	4	AC	Pegasus	1112.0
2018	4	AC	Pirate	38639.0
2018	4	AC	Unicorn	2586.0
2018	4	AC	Giant	1117.0
2018	4	AC	Elf	6372.0
2018	4	AC	Angel	1462.0
2018	4	AC	other	10312.0
2018	5	AC	Archer	956.0
2018	5	AC	Monk	1143.0
2018	5	AC	Dwarf	949.0
2018	5	AC	Centaur	2735.0
2018	5	AC	Gremlin	1922.0
2018	5	AC	Genie	6706.0
2018	5	AC	Demon	2792.0
2018	5	AC	Ghost	1181.0
2018	5	AC	Minotaur	374.0
2018	5	AC	Medusa	675.0
2018	5	AC	Goblin	658.0
2018	5	AC	Orc	2354.0
2018	5	AC	Gargoyle	1891.0
2018	5	AC	Pegasus	1093.0
2018	5	AC	Pirate	31711.0
2018	5	AC	Unicorn	2716.0
2018	5	AC	Giant	870.0
2018	5	AC	Elf	7378.0
2018	5	AC	Angel	1250.0
2018	5	AC	other	10994.0
2018	6	AC	Archer	939.0
2018	6	AC	Monk	1246.0
2018	6	AC	Dwarf	880.0
2018	6	AC	Centaur	2841.0
2018	6	AC	Gremlin	1815.0
2018	6	AC	Genie	7090.0
2018	6	AC	Demon	2958.0
2018	6	AC	Ghost	1286.0
2018	6	AC	Minotaur	370.0
2018	6	AC	Medusa	637.0
2018	6	AC	Goblin	689.0
2018	6	AC	Orc	2235.0
2018	6	AC	Gargoyle	1927.0
2018	6	AC	Pegasus	1046.0
2018	6	AC	Pirate	32323.0
2018	6	AC	Unicorn	2685.0
2018	6	AC	Giant	989.0
2018	6	AC	Elf	9843.0
2018	6	AC	Angel	1374.0
2018	6	AC	other	11959.0
2018	7	AC	Archer	927.0
2018	7	AC	Monk	1227.0
2018	7	AC	Dwarf	940.0
2018	7	AC	Centaur	3134.0
2018	7	AC	Gremlin	2268.0
2018	7	AC	Genie	7622.0
2018	7	AC	Demon	1832.0
2018	7	AC	Ghost	1479.0
2018	7	AC	Minotaur	321.0
2018	7	AC	Medusa	755.0
2018	7	AC	Goblin	822.0
2018	7	AC	Orc	2171.0
2018	7	AC	Gargoyle	1846.0
2018	7	AC	Pegasus	1317.0
2018	7	AC	Pirate	46835.0
2018	7	AC	Unicorn	3013.0
2018	7	AC	Giant	2327.0
2018	7	AC	Elf	10459.0
2018	7	AC	Angel	1559.0
2018	7	AC	other	14440.0
2018	8	AC	Archer	885.0
2018	8	AC	Monk	940.0
2018	8	AC	Dwarf	1073.0
2018	8	AC	Centaur	3338.0
2018	8	AC	Gremlin	2582.0
2018	8	AC	Genie	7250.0
2018	8	AC	Demon	1456.0
2018	8	AC	Ghost	1741.0
2018	8	AC	Minotaur	348.0
2018	8	AC	Medusa	813.0
2018	8	AC	Goblin	680.0
2018	8	AC	Orc	2243.0
2018	8	AC	Gargoyle	1638.0
2018	8	AC	Pegasus	1788.0
2018	8	AC	Pirate	33529.0
2018	8	AC	Unicorn	2546.0
2018	8	AC	Giant	3250.0
2018	8	AC	Elf	9939.0
2018	8	AC	Angel	1873.0
2018	8	AC	other	13563.0
2018	9	AC	Archer	896.0
2018	9	AC	Monk	1084.0
2018	9	AC	Dwarf	919.0
2018	9	AC	Centaur	2603.0
2018	9	AC	Gremlin	2097.0
2018	9	AC	Genie	7518.0
2018	9	AC	Demon	1342.0
2018	9	AC	Ghost	1442.0
2018	9	AC	Minotaur	500.0
2018	9	AC	Medusa	713.0
2018	9	AC	Goblin	724.0
2018	9	AC	Orc	2392.0
2018	9	AC	Gargoyle	1859.0
2018	9	AC	Pegasus	1282.0
2018	9	AC	Pirate	37944.0
2018	9	AC	Unicorn	2933.0
2018	9	AC	Giant	1734.0
2018	9	AC	Elf	9487.0
2018	9	AC	Angel	1524.0
2018	9	AC	other	13012.0
2018	10	AC	Archer	896.0
2018	10	AC	Monk	1041.0
2018	10	AC	Dwarf	723.0
2018	10	AC	Centaur	2939.0
2018	10	AC	Gremlin	2118.0
2018	10	AC	Genie	7872.0
2018	10	AC	Demon	1551.0
2018	10	AC	Ghost	1357.0
2018	10	AC	Minotaur	346.0
2018	10	AC	Medusa	667.0
2018	10	AC	Goblin	702.0
2018	10	AC	Orc	2010.0
2018	10	AC	Gargoyle	1806.0
2018	10	AC	Pegasus	1026.0
2018	10	AC	Pirate	39872.0
2018	10	AC	Unicorn	2774.0
2018	10	AC	Giant	615.0
2018	10	AC	Elf	7487.0
2018	10	AC	Angel	1299.0
2018	10	AC	other	11943.0
2018	11	AC	Archer	852.0
2018	11	AC	Monk	712.0
2018	11	AC	Dwarf	573.0
2018	11	AC	Centaur	1966.0
2018	11	AC	Gremlin	1718.0
2018	11	AC	Genie	6420.0
2018	11	AC	Demon	743.0
2018	11	AC	Ghost	1272.0
2018	11	AC	Minotaur	192.0
2018	11	AC	Medusa	651.0
2018	11	AC	Goblin	523.0
2018	11	AC	Orc	2031.0
2018	11	AC	Gargoyle	1405.0
2018	11	AC	Pegasus	866.0
2018	11	AC	Pirate	28464.0
2018	11	AC	Unicorn	2229.0
2018	11	AC	Giant	532.0
2018	11	AC	Elf	5533.0
2018	11	AC	Angel	1209.0
2018	11	AC	other	9000.0
2018	12	AC	Archer	756.0
2018	12	AC	Monk	736.0
2018	12	AC	Dwarf	598.0
2018	12	AC	Centaur	1658.0
2018	12	AC	Gremlin	1731.0
2018	12	AC	Genie	6098.0
2018	12	AC	Demon	741.0
2018	12	AC	Ghost	1347.0
2018	12	AC	Minotaur	191.0
2018	12	AC	Medusa	648.0
2018	12	AC	Goblin	592.0
2018	12	AC	Orc	1863.0
2018	12	AC	Gargoyle	1402.0
2018	12	AC	Pegasus	1167.0
2018	12	AC	Pirate	33453.0
2018	12	AC	Unicorn	2407.0
2018	12	AC	Giant	789.0
2018	12	AC	Elf	5960.0
2018	12	AC	Angel	1563.0
2018	12	AC	other	9429.0
2019	1	AC	Archer	733.0
2019	1	AC	Monk	1053.0
2019	1	AC	Dwarf	721.0
2019	1	AC	Centaur	1619.0
2019	1	AC	Gremlin	1572.0
2019	1	AC	Genie	5702.0
2019	1	AC	Demon	699.0
2019	1	AC	Ghost	1231.0
2019	1	AC	Minotaur	236.0
2019	1	AC	Medusa	689.0
2019	1	AC	Goblin	487.0
2019	1	AC	Orc	2500.0
2019	1	AC	Gargoyle	1346.0
2019	1	AC	Pegasus	976.0
2019	1	AC	Pirate	22353.0
2019	1	AC	Unicorn	2324.0
2019	1	AC	Giant	811.0
2019	1	AC	Elf	6199.0
2019	1	AC	Angel	1633.0
2019	1	AC	other	10261.0
2019	2	AC	Archer	822.0
2019	2	AC	Monk	902.0
2019	2	AC	Dwarf	623.0
2019	2	AC	Centaur	2457.0
2019	2	AC	Gremlin	1703.0
2019	2	AC	Genie	5705.0
2019	2	AC	Demon	618.0
2019	2	AC	Ghost	1112.0
2019	2	AC	Minotaur	179.0
2019	2	AC	Medusa	563.0
2019	2	AC	Goblin	489.0
2019	2	AC	Orc	1783.0
2019	2	AC	Gargoyle	1249.0
2019	2	AC	Pegasus	886.0
2019	2	AC	Pirate	26397.0
2019	2	AC	Unicorn	2223.0
2019	2	AC	Giant	575.0
2019	2	AC	Elf	4325.0
2019	2	AC	Angel	1813.0
2019	2	AC	other	8588.0
2019	3	AC	Archer	990.0
2019	3	AC	Monk	1044.0
2019	3	AC	Dwarf	901.0
2019	3	AC	Centaur	2184.0
2019	3	AC	Gremlin	2016.0
2019	3	AC	Genie	7524.0
2019	3	AC	Demon	988.0
2019	3	AC	Ghost	1233.0
2019	3	AC	Minotaur	253.0
2019	3	AC	Medusa	777.0
2019	3	AC	Goblin	610.0
2019	3	AC	Orc	2348.0
2019	3	AC	Gargoyle	1484.0
2019	3	AC	Pegasus	1126.0
2019	3	AC	Pirate	33054.0
2019	3	AC	Unicorn	2486.0
2019	3	AC	Giant	849.0
2019	3	AC	Elf	6788.0
2019	3	AC	Angel	1615.0
2019	3	AC	other	10353.0
2019	4	AC	Archer	960.0
2019	4	AC	Monk	1268.0
2019	4	AC	Dwarf	841.0
2019	4	AC	Centaur	2626.0
2019	4	AC	Gremlin	2414.0
2019	4	AC	Genie	7663.0
2019	4	AC	Demon	1258.0
2019	4	AC	Ghost	1362.0
2019	4	AC	Minotaur	355.0
2019	4	AC	Medusa	695.0
2019	4	AC	Goblin	731.0
2019	4	AC	Orc	2438.0
2019	4	AC	Gargoyle	1816.0
2019	4	AC	Pegasus	1175.0
2019	4	AC	Pirate	40963.0
2019	4	AC	Unicorn	2890.0
2019	4	AC	Giant	1158.0
2019	4	AC	Elf	6490.0
2019	4	AC	Angel	1675.0
2019	4	AC	other	11349.0
2019	5	AC	Archer	942.0
2019	5	AC	Monk	1765.0
2019	5	AC	Dwarf	851.0
2019	5	AC	Centaur	2795.0
2019	5	AC	Gremlin	2347.0
2019	5	AC	Genie	7592.0
2019	5	AC	Demon	2966.0
2019	5	AC	Ghost	1258.0
2019	5	AC	Minotaur	297.0
2019	5	AC	Medusa	657.0
2019	5	AC	Goblin	689.0
2019	5	AC	Orc	2144.0
2019	5	AC	Gargoyle	1734.0
2019	5	AC	Pegasus	1079.0
2019	5	AC	Pirate	36661.0
2019	5	AC	Unicorn	2793.0
2019	5	AC	Giant	736.0
2019	5	AC	Elf	7382.0
2019	5	AC	Angel	1383.0
2019	5	AC	other	11103.0
2019	6	AC	Archer	922.0
2019	6	AC	Monk	2010.0
2019	6	AC	Dwarf	1013.0
2019	6	AC	Centaur	3165.0
2019	6	AC	Gremlin	2164.0
2019	6	AC	Genie	7178.0
2019	6	AC	Demon	3303.0
2019	6	AC	Ghost	1343.0
2019	6	AC	Minotaur	315.0
2019	6	AC	Medusa	626.0
2019	6	AC	Goblin	696.0
2019	6	AC	Orc	2107.0
2019	6	AC	Gargoyle	1924.0
2019	6	AC	Pegasus	1208.0
2019	6	AC	Pirate	33303.0
2019	6	AC	Unicorn	2837.0
2019	6	AC	Giant	1123.0
2019	6	AC	Elf	11229.0
2019	6	AC	Angel	1609.0
2019	6	AC	other	13585.0
2019	7	AC	Archer	986.0
2019	7	AC	Monk	1874.0
2019	7	AC	Dwarf	1130.0
2019	7	AC	Centaur	3203.0
2019	7	AC	Gremlin	2641.0
2019	7	AC	Genie	8239.0
2019	7	AC	Demon	1967.0
2019	7	AC	Ghost	1578.0
2019	7	AC	Minotaur	427.0
2019	7	AC	Medusa	758.0
2019	7	AC	Goblin	835.0
2019	7	AC	Orc	2103.0
2019	7	AC	Gargoyle	1890.0
2019	7	AC	Pegasus	1396.0
2019	7	AC	Pirate	49427.0
2019	7	AC	Unicorn	3385.0
2019	7	AC	Giant	2042.0
2019	7	AC	Elf	11782.0
2019	7	AC	Angel	1621.0
2019	7	AC	other	14668.0
2019	8	AC	Archer	977.0
2019	8	AC	Monk	1619.0
2019	8	AC	Dwarf	1275.0
2019	8	AC	Centaur	3504.0
2019	8	AC	Gremlin	2911.0
2019	8	AC	Genie	7344.0
2019	8	AC	Demon	1701.0
2019	8	AC	Ghost	1773.0
2019	8	AC	Minotaur	371.0
2019	8	AC	Medusa	791.0
2019	8	AC	Goblin	725.0
2019	8	AC	Orc	2270.0
2019	8	AC	Gargoyle	1726.0
2019	8	AC	Pegasus	1935.0
2019	8	AC	Pirate	37069.0
2019	8	AC	Unicorn	2959.0
2019	8	AC	Giant	3688.0
2019	8	AC	Elf	11544.0
2019	8	AC	Angel	2063.0
2019	8	AC	other	14629.0
2019	9	AC	Archer	941.0
2019	9	AC	Monk	1811.0
2019	9	AC	Dwarf	1072.0
2019	9	AC	Centaur	3109.0
2019	9	AC	Gremlin	2240.0
2019	9	AC	Genie	7852.0
2019	9	AC	Demon	1647.0
2019	9	AC	Ghost	1392.0
2019	9	AC	Minotaur	461.0
2019	9	AC	Medusa	687.0
2019	9	AC	Goblin	741.0
2019	9	AC	Orc	2380.0
2019	9	AC	Gargoyle	1972.0
2019	9	AC	Pegasus	1397.0
2019	9	AC	Pirate	40099.0
2019	9	AC	Unicorn	2987.0
2019	9	AC	Giant	1245.0
2019	9	AC	Elf	10205.0
2019	9	AC	Angel	1629.0
2019	9	AC	other	13207.0
2017	1	MN	Archer	39.0
2017	1	MN	Monk	45.0
2017	1	MN	Dwarf	22.0
2017	1	MN	Centaur	62.0
2017	1	MN	Gremlin	299.0
2017	1	MN	Genie	756.0
2017	1	MN	Demon	39.0
2017	1	MN	Ghost	170.0
2017	1	MN	Minotaur	54.0
2017	1	MN	Medusa	217.0
2017	1	MN	Goblin	109.0
2017	1	MN	Orc	57.0
2017	1	MN	Gargoyle	205.0
2017	1	MN	Pegasus	251.0
2017	1	MN	Pirate	6461.0
2017	1	MN	Unicorn	1176.0
2017	1	MN	Giant	12.0
2017	1	MN	Elf	279.0
2017	1	MN	Angel	455.0
2017	1	MN	other	1186.0
2017	2	MN	Archer	48.0
2017	2	MN	Monk	48.0
2017	2	MN	Dwarf	15.0
2017	2	MN	Centaur	93.0
2017	2	MN	Gremlin	398.0
2017	2	MN	Genie	818.0
2017	2	MN	Demon	38.0
2017	2	MN	Ghost	220.0
2017	2	MN	Minotaur	41.0
2017	2	MN	Medusa	255.0
2017	2	MN	Goblin	144.0
2017	2	MN	Orc	57.0
2017	2	MN	Gargoyle	240.0
2017	2	MN	Pegasus	295.0
2017	2	MN	Pirate	8504.0
2017	2	MN	Unicorn	801.0
2017	2	MN	Giant	10.0
2017	2	MN	Elf	316.0
2017	2	MN	Angel	550.0
2017	2	MN	other	1272.0
2017	3	MN	Archer	61.0
2017	3	MN	Monk	81.0
2017	3	MN	Dwarf	26.0
2017	3	MN	Centaur	114.0
2017	3	MN	Gremlin	426.0
2017	3	MN	Genie	987.0
2017	3	MN	Demon	54.0
2017	3	MN	Ghost	268.0
2017	3	MN	Minotaur	93.0
2017	3	MN	Medusa	312.0
2017	3	MN	Goblin	220.0
2017	3	MN	Orc	78.0
2017	3	MN	Gargoyle	354.0
2017	3	MN	Pegasus	227.0
2017	3	MN	Pirate	9652.0
2017	3	MN	Unicorn	955.0
2017	3	MN	Giant	6.0
2017	3	MN	Elf	512.0
2017	3	MN	Angel	606.0
2017	3	MN	other	1737.0
2017	4	MN	Archer	65.0
2017	4	MN	Monk	64.0
2017	4	MN	Dwarf	44.0
2017	4	MN	Centaur	110.0
2017	4	MN	Gremlin	607.0
2017	4	MN	Genie	1026.0
2017	4	MN	Demon	54.0
2017	4	MN	Ghost	324.0
2017	4	MN	Minotaur	53.0
2017	4	MN	Medusa	247.0
2017	4	MN	Goblin	192.0
2017	4	MN	Orc	79.0
2017	4	MN	Gargoyle	286.0
2017	4	MN	Pegasus	218.0
2017	4	MN	Pirate	11933.0
2017	4	MN	Unicorn	1182.0
2017	4	MN	Giant	5.0
2017	4	MN	Elf	1037.0
2017	4	MN	Angel	747.0
2017	4	MN	other	1665.0
2017	5	MN	Archer	69.0
2017	5	MN	Monk	68.0
2017	5	MN	Dwarf	39.0
2017	5	MN	Centaur	118.0
2017	5	MN	Gremlin	727.0
2017	5	MN	Genie	1022.0
2017	5	MN	Demon	60.0
2017	5	MN	Ghost	316.0
2017	5	MN	Minotaur	66.0
2017	5	MN	Medusa	297.0
2017	5	MN	Goblin	272.0
2017	5	MN	Orc	83.0
2017	5	MN	Gargoyle	458.0
2017	5	MN	Pegasus	236.0
2017	5	MN	Pirate	12929.0
2017	5	MN	Unicorn	1320.0
2017	5	MN	Giant	7.0
2017	5	MN	Elf	809.0
2017	5	MN	Angel	828.0
2017	5	MN	other	2183.0
2017	6	MN	Archer	77.0
2017	6	MN	Monk	80.0
2017	6	MN	Dwarf	108.0
2017	6	MN	Centaur	151.0
2017	6	MN	Gremlin	737.0
2017	6	MN	Genie	1058.0
2017	6	MN	Demon	73.0
2017	6	MN	Ghost	327.0
2017	6	MN	Minotaur	52.0
2017	6	MN	Medusa	342.0
2017	6	MN	Goblin	290.0
2017	6	MN	Orc	81.0
2017	6	MN	Gargoyle	388.0
2017	6	MN	Pegasus	282.0
2017	6	MN	Pirate	12923.0
2017	6	MN	Unicorn	1403.0
2017	6	MN	Giant	6.0
2017	6	MN	Elf	953.0
2017	6	MN	Angel	719.0
2017	6	MN	other	1942.0
2017	7	MN	Archer	68.0
2017	7	MN	Monk	85.0
2017	7	MN	Dwarf	61.0
2017	7	MN	Centaur	125.0
2017	7	MN	Gremlin	809.0
2017	7	MN	Genie	961.0
2017	7	MN	Demon	74.0
2017	7	MN	Ghost	369.0
2017	7	MN	Minotaur	88.0
2017	7	MN	Medusa	211.0
2017	7	MN	Goblin	226.0
2017	7	MN	Orc	97.0
2017	7	MN	Gargoyle	337.0
2017	7	MN	Pegasus	239.0
2017	7	MN	Pirate	16439.0
2017	7	MN	Unicorn	1018.0
2017	7	MN	Giant	7.0
2017	7	MN	Elf	1090.0
2017	7	MN	Angel	759.0
2017	7	MN	other	2025.0
2017	8	MN	Archer	61.0
2017	8	MN	Monk	73.0
2017	8	MN	Dwarf	83.0
2017	8	MN	Centaur	140.0
2017	8	MN	Gremlin	723.0
2017	8	MN	Genie	935.0
2017	8	MN	Demon	64.0
2017	8	MN	Ghost	382.0
2017	8	MN	Minotaur	84.0
2017	8	MN	Medusa	249.0
2017	8	MN	Goblin	264.0
2017	8	MN	Orc	90.0
2017	8	MN	Gargoyle	310.0
2017	8	MN	Pegasus	243.0
2017	8	MN	Pirate	14960.0
2017	8	MN	Unicorn	1220.0
2017	8	MN	Giant	5.0
2017	8	MN	Elf	935.0
2017	8	MN	Angel	773.0
2017	8	MN	other	1934.0
2017	9	MN	Archer	74.0
2017	9	MN	Monk	72.0
2017	9	MN	Dwarf	61.0
2017	9	MN	Centaur	125.0
2017	9	MN	Gremlin	711.0
2017	9	MN	Genie	1016.0
2017	9	MN	Demon	63.0
2017	9	MN	Ghost	298.0
2017	9	MN	Minotaur	88.0
2017	9	MN	Medusa	285.0
2017	9	MN	Goblin	231.0
2017	9	MN	Orc	93.0
2017	9	MN	Gargoyle	379.0
2017	9	MN	Pegasus	212.0
2017	9	MN	Pirate	13768.0
2017	9	MN	Unicorn	1533.0
2017	9	MN	Giant	6.0
2017	9	MN	Elf	947.0
2017	9	MN	Angel	751.0
2017	9	MN	other	1982.0
2017	10	MN	Archer	72.0
2017	10	MN	Monk	76.0
2017	10	MN	Dwarf	60.0
2017	10	MN	Centaur	138.0
2017	10	MN	Gremlin	613.0
2017	10	MN	Genie	1055.0
2017	10	MN	Demon	64.0
2017	10	MN	Ghost	297.0
2017	10	MN	Minotaur	59.0
2017	10	MN	Medusa	314.0
2017	10	MN	Goblin	212.0
2017	10	MN	Orc	87.0
2017	10	MN	Gargoyle	358.0
2017	10	MN	Pegasus	234.0
2017	10	MN	Pirate	14244.0
2017	10	MN	Unicorn	1168.0
2017	10	MN	Giant	19.0
2017	10	MN	Elf	1142.0
2017	10	MN	Angel	717.0
2017	10	MN	other	1951.0
2017	11	MN	Archer	53.0
2017	11	MN	Monk	48.0
2017	11	MN	Dwarf	39.0
2017	11	MN	Centaur	83.0
2017	11	MN	Gremlin	400.0
2017	11	MN	Genie	835.0
2017	11	MN	Demon	39.0
2017	11	MN	Ghost	192.0
2017	11	MN	Minotaur	54.0
2017	11	MN	Medusa	261.0
2017	11	MN	Goblin	204.0
2017	11	MN	Orc	58.0
2017	11	MN	Gargoyle	253.0
2017	11	MN	Pegasus	209.0
2017	11	MN	Pirate	8105.0
2017	11	MN	Unicorn	1051.0
2017	11	MN	Giant	3.0
2017	11	MN	Elf	685.0
2017	11	MN	Angel	469.0
2017	11	MN	other	1262.0
2017	12	MN	Archer	53.0
2017	12	MN	Monk	49.0
2017	12	MN	Dwarf	25.0
2017	12	MN	Centaur	128.0
2017	12	MN	Gremlin	464.0
2017	12	MN	Genie	907.0
2017	12	MN	Demon	44.0
2017	12	MN	Ghost	225.0
2017	12	MN	Minotaur	56.0
2017	12	MN	Medusa	253.0
2017	12	MN	Goblin	139.0
2017	12	MN	Orc	68.0
2017	12	MN	Gargoyle	312.0
2017	12	MN	Pegasus	312.0
2017	12	MN	Pirate	9772.0
2017	12	MN	Unicorn	1096.0
2017	12	MN	Giant	3.0
2017	12	MN	Elf	669.0
2017	12	MN	Angel	526.0
2017	12	MN	other	1400.0
2018	1	MN	Archer	43.0
2018	1	MN	Monk	44.0
2018	1	MN	Dwarf	25.0
2018	1	MN	Centaur	74.0
2018	1	MN	Gremlin	325.0
2018	1	MN	Genie	735.0
2018	1	MN	Demon	39.0
2018	1	MN	Ghost	180.0
2018	1	MN	Minotaur	62.0
2018	1	MN	Medusa	214.0
2018	1	MN	Goblin	149.0
2018	1	MN	Orc	65.0
2018	1	MN	Gargoyle	253.0
2018	1	MN	Pegasus	249.0
2018	1	MN	Pirate	7067.0
2018	1	MN	Unicorn	1213.0
2018	1	MN	Giant	5.0
2018	1	MN	Elf	299.0
2018	1	MN	Angel	417.0
2018	1	MN	other	1206.0
2018	2	MN	Archer	49.0
2018	2	MN	Monk	49.0
2018	2	MN	Dwarf	16.0
2018	2	MN	Centaur	79.0
2018	2	MN	Gremlin	398.0
2018	2	MN	Genie	893.0
2018	2	MN	Demon	44.0
2018	2	MN	Ghost	213.0
2018	2	MN	Minotaur	48.0
2018	2	MN	Medusa	265.0
2018	2	MN	Goblin	157.0
2018	2	MN	Orc	59.0
2018	2	MN	Gargoyle	283.0
2018	2	MN	Pegasus	153.0
2018	2	MN	Pirate	9496.0
2018	2	MN	Unicorn	994.0
2018	2	MN	Giant	2.0
2018	2	MN	Elf	331.0
2018	2	MN	Angel	502.0
2018	2	MN	other	1377.0
2018	3	MN	Archer	60.0
2018	3	MN	Monk	61.0
2018	3	MN	Dwarf	26.0
2018	3	MN	Centaur	147.0
2018	3	MN	Gremlin	552.0
2018	3	MN	Genie	964.0
2018	3	MN	Demon	56.0
2018	3	MN	Ghost	298.0
2018	3	MN	Minotaur	136.0
2018	3	MN	Medusa	316.0
2018	3	MN	Goblin	163.0
2018	3	MN	Orc	86.0
2018	3	MN	Gargoyle	432.0
2018	3	MN	Pegasus	215.0
2018	3	MN	Pirate	10608.0
2018	3	MN	Unicorn	1231.0
2018	3	MN	Giant	14.0
2018	3	MN	Elf	621.0
2018	3	MN	Angel	579.0
2018	3	MN	other	1779.0
2018	4	MN	Archer	67.0
2018	4	MN	Monk	74.0
2018	4	MN	Dwarf	36.0
2018	4	MN	Centaur	139.0
2018	4	MN	Gremlin	614.0
2018	4	MN	Genie	1064.0
2018	4	MN	Demon	66.0
2018	4	MN	Ghost	282.0
2018	4	MN	Minotaur	56.0
2018	4	MN	Medusa	243.0
2018	4	MN	Goblin	208.0
2018	4	MN	Orc	102.0
2018	4	MN	Gargoyle	433.0
2018	4	MN	Pegasus	342.0
2018	4	MN	Pirate	14363.0
2018	4	MN	Unicorn	1131.0
2018	4	MN	Giant	6.0
2018	4	MN	Elf	767.0
2018	4	MN	Angel	594.0
2018	4	MN	other	1790.0
2018	5	MN	Archer	68.0
2018	5	MN	Monk	78.0
2018	5	MN	Dwarf	44.0
2018	5	MN	Centaur	147.0
2018	5	MN	Gremlin	695.0
2018	5	MN	Genie	973.0
2018	5	MN	Demon	75.0
2018	5	MN	Ghost	302.0
2018	5	MN	Minotaur	70.0
2018	5	MN	Medusa	278.0
2018	5	MN	Goblin	218.0
2018	5	MN	Orc	95.0
2018	5	MN	Gargoyle	487.0
2018	5	MN	Pegasus	410.0
2018	5	MN	Pirate	14195.0
2018	5	MN	Unicorn	1731.0
2018	5	MN	Giant	11.0
2018	5	MN	Elf	959.0
2018	5	MN	Angel	670.0
2018	5	MN	other	2036.0
2018	6	MN	Archer	80.0
2018	6	MN	Monk	93.0
2018	6	MN	Dwarf	56.0
2018	6	MN	Centaur	151.0
2018	6	MN	Gremlin	683.0
2018	6	MN	Genie	1064.0
2018	6	MN	Demon	73.0
2018	6	MN	Ghost	338.0
2018	6	MN	Minotaur	59.0
2018	6	MN	Medusa	281.0
2018	6	MN	Goblin	225.0
2018	6	MN	Orc	109.0
2018	6	MN	Gargoyle	539.0
2018	6	MN	Pegasus	356.0
2018	6	MN	Pirate	16090.0
2018	6	MN	Unicorn	1304.0
2018	6	MN	Giant	11.0
2018	6	MN	Elf	966.0
2018	6	MN	Angel	714.0
2018	6	MN	other	2130.0
2018	7	MN	Archer	73.0
2018	7	MN	Monk	82.0
2018	7	MN	Dwarf	70.0
2018	7	MN	Centaur	168.0
2018	7	MN	Gremlin	945.0
2018	7	MN	Genie	1023.0
2018	7	MN	Demon	76.0
2018	7	MN	Ghost	348.0
2018	7	MN	Minotaur	70.0
2018	7	MN	Medusa	216.0
2018	7	MN	Goblin	240.0
2018	7	MN	Orc	114.0
2018	7	MN	Gargoyle	410.0
2018	7	MN	Pegasus	342.0
2018	7	MN	Pirate	18177.0
2018	7	MN	Unicorn	1178.0
2018	7	MN	Giant	6.0
2018	7	MN	Elf	882.0
2018	7	MN	Angel	722.0
2018	7	MN	other	2245.0
2018	8	MN	Archer	69.0
2018	8	MN	Monk	83.0
2018	8	MN	Dwarf	74.0
2018	8	MN	Centaur	186.0
2018	8	MN	Gremlin	755.0
2018	8	MN	Genie	987.0
2018	8	MN	Demon	73.0
2018	8	MN	Ghost	360.0
2018	8	MN	Minotaur	59.0
2018	8	MN	Medusa	237.0
2018	8	MN	Goblin	265.0
2018	8	MN	Orc	113.0
2018	8	MN	Gargoyle	502.0
2018	8	MN	Pegasus	412.0
2018	8	MN	Pirate	17174.0
2018	8	MN	Unicorn	1362.0
2018	8	MN	Giant	16.0
2018	8	MN	Elf	926.0
2018	8	MN	Angel	775.0
2018	8	MN	other	2319.0
2018	9	MN	Archer	76.0
2018	9	MN	Monk	92.0
2018	9	MN	Dwarf	59.0
2018	9	MN	Centaur	199.0
2018	9	MN	Gremlin	664.0
2018	9	MN	Genie	1086.0
2018	9	MN	Demon	74.0
2018	9	MN	Ghost	340.0
2018	9	MN	Minotaur	58.0
2018	9	MN	Medusa	313.0
2018	9	MN	Goblin	320.0
2018	9	MN	Orc	105.0
2018	9	MN	Gargoyle	406.0
2018	9	MN	Pegasus	370.0
2018	9	MN	Pirate	16234.0
2018	9	MN	Unicorn	1309.0
2018	9	MN	Giant	9.0
2018	9	MN	Elf	960.0
2018	9	MN	Angel	654.0
2018	9	MN	other	2233.0
2018	10	MN	Archer	90.0
2018	10	MN	Monk	85.0
2018	10	MN	Dwarf	52.0
2018	10	MN	Centaur	162.0
2018	10	MN	Gremlin	660.0
2018	10	MN	Genie	1100.0
2018	10	MN	Demon	76.0
2018	10	MN	Ghost	351.0
2018	10	MN	Minotaur	66.0
2018	10	MN	Medusa	298.0
2018	10	MN	Goblin	239.0
2018	10	MN	Orc	114.0
2018	10	MN	Gargoyle	434.0
2018	10	MN	Pegasus	268.0
2018	10	MN	Pirate	16220.0
2018	10	MN	Unicorn	1196.0
2018	10	MN	Giant	6.0
2018	10	MN	Elf	927.0
2018	10	MN	Angel	632.0
2018	10	MN	other	2123.0
2018	11	MN	Archer	70.0
2018	11	MN	Monk	53.0
2018	11	MN	Dwarf	30.0
2018	11	MN	Centaur	101.0
2018	11	MN	Gremlin	332.0
2018	11	MN	Genie	892.0
2018	11	MN	Demon	52.0
2018	11	MN	Ghost	190.0
2018	11	MN	Minotaur	40.0
2018	11	MN	Medusa	302.0
2018	11	MN	Goblin	208.0
2018	11	MN	Orc	85.0
2018	11	MN	Gargoyle	362.0
2018	11	MN	Pegasus	375.0
2018	11	MN	Pirate	9195.0
2018	11	MN	Unicorn	999.0
2018	11	MN	Giant	22.0
2018	11	MN	Elf	758.0
2018	11	MN	Angel	530.0
2018	11	MN	other	1464.0
2018	12	MN	Archer	68.0
2018	12	MN	Monk	63.0
2018	12	MN	Dwarf	32.0
2018	12	MN	Centaur	114.0
2018	12	MN	Gremlin	431.0
2018	12	MN	Genie	833.0
2018	12	MN	Demon	51.0
2018	12	MN	Ghost	207.0
2018	12	MN	Minotaur	58.0
2018	12	MN	Medusa	244.0
2018	12	MN	Goblin	154.0
2018	12	MN	Orc	78.0
2018	12	MN	Gargoyle	372.0
2018	12	MN	Pegasus	572.0
2018	12	MN	Pirate	11231.0
2018	12	MN	Unicorn	1454.0
2018	12	MN	Giant	30.0
2018	12	MN	Elf	759.0
2018	12	MN	Angel	530.0
2018	12	MN	other	1525.0
2019	1	MN	Archer	46.0
2019	1	MN	Monk	59.0
2019	1	MN	Dwarf	21.0
2019	1	MN	Centaur	78.0
2019	1	MN	Gremlin	268.0
2019	1	MN	Genie	742.0
2019	1	MN	Demon	39.0
2019	1	MN	Ghost	178.0
2019	1	MN	Minotaur	44.0
2019	1	MN	Medusa	264.0
2019	1	MN	Goblin	221.0
2019	1	MN	Orc	73.0
2019	1	MN	Gargoyle	247.0
2019	1	MN	Pegasus	422.0
2019	1	MN	Pirate	7888.0
2019	1	MN	Unicorn	1231.0
2019	1	MN	Giant	77.0
2019	1	MN	Elf	300.0
2019	1	MN	Angel	421.0
2019	1	MN	other	1340.0
2019	2	MN	Archer	51.0
2019	2	MN	Monk	59.0
2019	2	MN	Dwarf	16.0
2019	2	MN	Centaur	108.0
2019	2	MN	Gremlin	310.0
2019	2	MN	Genie	761.0
2019	2	MN	Demon	43.0
2019	2	MN	Ghost	197.0
2019	2	MN	Minotaur	40.0
2019	2	MN	Medusa	263.0
2019	2	MN	Goblin	200.0
2019	2	MN	Orc	66.0
2019	2	MN	Gargoyle	384.0
2019	2	MN	Pegasus	306.0
2019	2	MN	Pirate	9674.0
2019	2	MN	Unicorn	1117.0
2019	2	MN	Giant	23.0
2019	2	MN	Elf	285.0
2019	2	MN	Angel	609.0
2019	2	MN	other	1433.0
2019	3	MN	Archer	74.0
2019	3	MN	Monk	105.0
2019	3	MN	Dwarf	25.0
2019	3	MN	Centaur	182.0
2019	3	MN	Gremlin	390.0
2019	3	MN	Genie	953.0
2019	3	MN	Demon	65.0
2019	3	MN	Ghost	266.0
2019	3	MN	Minotaur	96.0
2019	3	MN	Medusa	270.0
2019	3	MN	Goblin	207.0
2019	3	MN	Orc	99.0
2019	3	MN	Gargoyle	398.0
2019	3	MN	Pegasus	382.0
2019	3	MN	Pirate	12475.0
2019	3	MN	Unicorn	1213.0
2019	3	MN	Giant	37.0
2019	3	MN	Elf	450.0
2019	3	MN	Angel	499.0
2019	3	MN	other	1841.0
2019	4	MN	Archer	76.0
2019	4	MN	Monk	73.0
2019	4	MN	Dwarf	34.0
2019	4	MN	Centaur	147.0
2019	4	MN	Gremlin	543.0
2019	4	MN	Genie	1004.0
2019	4	MN	Demon	63.0
2019	4	MN	Ghost	307.0
2019	4	MN	Minotaur	90.0
2019	4	MN	Medusa	259.0
2019	4	MN	Goblin	212.0
2019	4	MN	Orc	102.0
2019	4	MN	Gargoyle	467.0
2019	4	MN	Pegasus	417.0
2019	4	MN	Pirate	14848.0
2019	4	MN	Unicorn	1379.0
2019	4	MN	Giant	9.0
2019	4	MN	Elf	1035.0
2019	4	MN	Angel	730.0
2019	4	MN	other	2047.0
2019	5	MN	Archer	91.0
2019	5	MN	Monk	82.0
2019	5	MN	Dwarf	38.0
2019	5	MN	Centaur	213.0
2019	5	MN	Gremlin	408.0
2019	5	MN	Genie	990.0
2019	5	MN	Demon	75.0
2019	5	MN	Ghost	329.0
2019	5	MN	Minotaur	63.0
2019	5	MN	Medusa	260.0
2019	5	MN	Goblin	237.0
2019	5	MN	Orc	109.0
2019	5	MN	Gargoyle	511.0
2019	5	MN	Pegasus	393.0
2019	5	MN	Pirate	16984.0
2019	5	MN	Unicorn	1377.0
2019	5	MN	Giant	9.0
2019	5	MN	Elf	929.0
2019	5	MN	Angel	725.0
2019	5	MN	other	2095.0
2019	6	MN	Archer	115.0
2019	6	MN	Monk	98.0
2019	6	MN	Dwarf	59.0
2019	6	MN	Centaur	221.0
2019	6	MN	Gremlin	425.0
2019	6	MN	Genie	1010.0
2019	6	MN	Demon	75.0
2019	6	MN	Ghost	341.0
2019	6	MN	Minotaur	66.0
2019	6	MN	Medusa	269.0
2019	6	MN	Goblin	252.0
2019	6	MN	Orc	125.0
2019	6	MN	Gargoyle	525.0
2019	6	MN	Pegasus	472.0
2019	6	MN	Pirate	16690.0
2019	6	MN	Unicorn	1548.0
2019	6	MN	Giant	15.0
2019	6	MN	Elf	1095.0
2019	6	MN	Angel	717.0
2019	6	MN	other	2349.0
2019	7	MN	Archer	118.0
2019	7	MN	Monk	106.0
2019	7	MN	Dwarf	54.0
2019	7	MN	Centaur	251.0
2019	7	MN	Gremlin	532.0
2019	7	MN	Genie	1061.0
2019	7	MN	Demon	85.0
2019	7	MN	Ghost	417.0
2019	7	MN	Minotaur	67.0
2019	7	MN	Medusa	232.0
2019	7	MN	Goblin	278.0
2019	7	MN	Orc	131.0
2019	7	MN	Gargoyle	418.0
2019	7	MN	Pegasus	377.0
2019	7	MN	Pirate	20592.0
2019	7	MN	Unicorn	1310.0
2019	7	MN	Giant	9.0
2019	7	MN	Elf	1044.0
2019	7	MN	Angel	719.0
2019	7	MN	other	2467.0
2019	8	MN	Archer	112.0
2019	8	MN	Monk	103.0
2019	8	MN	Dwarf	114.0
2019	8	MN	Centaur	285.0
2019	8	MN	Gremlin	539.0
2019	8	MN	Genie	973.0
2019	8	MN	Demon	78.0
2019	8	MN	Ghost	423.0
2019	8	MN	Minotaur	92.0
2019	8	MN	Medusa	253.0
2019	8	MN	Goblin	343.0
2019	8	MN	Orc	130.0
2019	8	MN	Gargoyle	622.0
2019	8	MN	Pegasus	485.0
2019	8	MN	Pirate	18947.0
2019	8	MN	Unicorn	1622.0
2019	8	MN	Giant	13.0
2019	8	MN	Elf	1109.0
2019	8	MN	Angel	806.0
2019	8	MN	other	2888.0
2019	9	MN	Archer	116.0
2019	9	MN	Monk	95.0
2019	9	MN	Dwarf	83.0
2019	9	MN	Centaur	222.0
2019	9	MN	Gremlin	485.0
2019	9	MN	Genie	1062.0
2019	9	MN	Demon	78.0
2019	9	MN	Ghost	396.0
2019	9	MN	Minotaur	58.0
2019	9	MN	Medusa	335.0
2019	9	MN	Goblin	382.0
2019	9	MN	Orc	117.0
2019	9	MN	Gargoyle	519.0
2019	9	MN	Pegasus	471.0
2019	9	MN	Pirate	17885.0
2019	9	MN	Unicorn	1204.0
2019	9	MN	Giant	10.0
2019	9	MN	Elf	1048.0
2019	9	MN	Angel	672.0
2019	9	MN	other	2566.0
2017	1	PB	Archer	121.0
2017	1	PB	Monk	488.0
2017	1	PB	Dwarf	251.0
2017	1	PB	Centaur	389.0
2017	1	PB	Gremlin	6242.0
2017	1	PB	Genie	899.0
2017	1	PB	Demon	139.0
2017	1	PB	Ghost	437.0
2017	1	PB	Minotaur	1227.0
2017	1	PB	Medusa	529.0
2017	1	PB	Goblin	542.0
2017	1	PB	Orc	2934.0
2017	1	PB	Gargoyle	541.0
2017	1	PB	Pegasus	751.0
2017	1	PB	Pirate	6620.0
2017	1	PB	Unicorn	2224.0
2017	1	PB	Giant	700.0
2017	1	PB	Elf	1921.0
2017	1	PB	Angel	4363.0
2017	1	PB	other	6355.0
2017	2	PB	Archer	148.0
2017	2	PB	Monk	399.0
2017	2	PB	Dwarf	216.0
2017	2	PB	Centaur	481.0
2017	2	PB	Gremlin	7105.0
2017	2	PB	Genie	1026.0
2017	2	PB	Demon	125.0
2017	2	PB	Ghost	489.0
2017	2	PB	Minotaur	882.0
2017	2	PB	Medusa	567.0
2017	2	PB	Goblin	469.0
2017	2	PB	Orc	1578.0
2017	2	PB	Gargoyle	590.0
2017	2	PB	Pegasus	725.0
2017	2	PB	Pirate	9194.0
2017	2	PB	Unicorn	1845.0
2017	2	PB	Giant	571.0
2017	2	PB	Elf	1515.0
2017	2	PB	Angel	4395.0
2017	2	PB	other	5916.0
2017	3	PB	Archer	203.0
2017	3	PB	Monk	308.0
2017	3	PB	Dwarf	327.0
2017	3	PB	Centaur	456.0
2017	3	PB	Gremlin	8552.0
2017	3	PB	Genie	1398.0
2017	3	PB	Demon	168.0
2017	3	PB	Ghost	626.0
2017	3	PB	Minotaur	1080.0
2017	3	PB	Medusa	698.0
2017	3	PB	Goblin	555.0
2017	3	PB	Orc	1643.0
2017	3	PB	Gargoyle	728.0
2017	3	PB	Pegasus	852.0
2017	3	PB	Pirate	12255.0
2017	3	PB	Unicorn	2026.0
2017	3	PB	Giant	521.0
2017	3	PB	Elf	1904.0
2017	3	PB	Angel	3935.0
2017	3	PB	other	7317.0
2017	4	PB	Archer	159.0
2017	4	PB	Monk	267.0
2017	4	PB	Dwarf	281.0
2017	4	PB	Centaur	538.0
2017	4	PB	Gremlin	7918.0
2017	4	PB	Genie	1101.0
2017	4	PB	Demon	183.0
2017	4	PB	Ghost	559.0
2017	4	PB	Minotaur	1075.0
2017	4	PB	Medusa	471.0
2017	4	PB	Goblin	495.0
2017	4	PB	Orc	963.0
2017	4	PB	Gargoyle	723.0
2017	4	PB	Pegasus	669.0
2017	4	PB	Pirate	12876.0
2017	4	PB	Unicorn	1683.0
2017	4	PB	Giant	706.0
2017	4	PB	Elf	1722.0
2017	4	PB	Angel	2653.0
2017	4	PB	other	5718.0
2017	5	PB	Archer	174.0
2017	5	PB	Monk	278.0
2017	5	PB	Dwarf	306.0
2017	5	PB	Centaur	571.0
2017	5	PB	Gremlin	7836.0
2017	5	PB	Genie	1246.0
2017	5	PB	Demon	314.0
2017	5	PB	Ghost	531.0
2017	5	PB	Minotaur	1003.0
2017	5	PB	Medusa	423.0
2017	5	PB	Goblin	495.0
2017	5	PB	Orc	950.0
2017	5	PB	Gargoyle	739.0
2017	5	PB	Pegasus	745.0
2017	5	PB	Pirate	13175.0
2017	5	PB	Unicorn	1855.0
2017	5	PB	Giant	416.0
2017	5	PB	Elf	1731.0
2017	5	PB	Angel	1392.0
2017	5	PB	other	5902.0
2017	6	PB	Archer	176.0
2017	6	PB	Monk	333.0
2017	6	PB	Dwarf	318.0
2017	6	PB	Centaur	728.0
2017	6	PB	Gremlin	8185.0
2017	6	PB	Genie	1183.0
2017	6	PB	Demon	348.0
2017	6	PB	Ghost	581.0
2017	6	PB	Minotaur	1048.0
2017	6	PB	Medusa	447.0
2017	6	PB	Goblin	498.0
2017	6	PB	Orc	969.0
2017	6	PB	Gargoyle	814.0
2017	6	PB	Pegasus	724.0
2017	6	PB	Pirate	13275.0
2017	6	PB	Unicorn	1672.0
2017	6	PB	Giant	385.0
2017	6	PB	Elf	2281.0
2017	6	PB	Angel	1461.0
2017	6	PB	other	6429.0
2017	7	PB	Archer	175.0
2017	7	PB	Monk	354.0
2017	7	PB	Dwarf	335.0
2017	7	PB	Centaur	863.0
2017	7	PB	Gremlin	9899.0
2017	7	PB	Genie	1322.0
2017	7	PB	Demon	290.0
2017	7	PB	Ghost	636.0
2017	7	PB	Minotaur	960.0
2017	7	PB	Medusa	372.0
2017	7	PB	Goblin	518.0
2017	7	PB	Orc	1010.0
2017	7	PB	Gargoyle	774.0
2017	7	PB	Pegasus	769.0
2017	7	PB	Pirate	18375.0
2017	7	PB	Unicorn	1796.0
2017	7	PB	Giant	681.0
2017	7	PB	Elf	2810.0
2017	7	PB	Angel	1788.0
2017	7	PB	other	7793.0
2017	8	PB	Archer	146.0
2017	8	PB	Monk	314.0
2017	8	PB	Dwarf	409.0
2017	8	PB	Centaur	1012.0
2017	8	PB	Gremlin	8350.0
2017	8	PB	Genie	1203.0
2017	8	PB	Demon	214.0
2017	8	PB	Ghost	567.0
2017	8	PB	Minotaur	1428.0
2017	8	PB	Medusa	425.0
2017	8	PB	Goblin	488.0
2017	8	PB	Orc	1015.0
2017	8	PB	Gargoyle	704.0
2017	8	PB	Pegasus	820.0
2017	8	PB	Pirate	14174.0
2017	8	PB	Unicorn	1858.0
2017	8	PB	Giant	1378.0
2017	8	PB	Elf	2321.0
2017	8	PB	Angel	1854.0
2017	8	PB	other	9112.0
2017	9	PB	Archer	181.0
2017	9	PB	Monk	302.0
2017	9	PB	Dwarf	308.0
2017	9	PB	Centaur	683.0
2017	9	PB	Gremlin	8096.0
2017	9	PB	Genie	1246.0
2017	9	PB	Demon	258.0
2017	9	PB	Ghost	570.0
2017	9	PB	Minotaur	1158.0
2017	9	PB	Medusa	431.0
2017	9	PB	Goblin	510.0
2017	9	PB	Orc	912.0
2017	9	PB	Gargoyle	689.0
2017	9	PB	Pegasus	673.0
2017	9	PB	Pirate	13503.0
2017	9	PB	Unicorn	1951.0
2017	9	PB	Giant	833.0
2017	9	PB	Elf	2339.0
2017	9	PB	Angel	1472.0
2017	9	PB	other	8446.0
2017	10	PB	Archer	178.0
2017	10	PB	Monk	304.0
2017	10	PB	Dwarf	244.0
2017	10	PB	Centaur	909.0
2017	10	PB	Gremlin	8639.0
2017	10	PB	Genie	1319.0
2017	10	PB	Demon	251.0
2017	10	PB	Ghost	598.0
2017	10	PB	Minotaur	958.0
2017	10	PB	Medusa	471.0
2017	10	PB	Goblin	521.0
2017	10	PB	Orc	908.0
2017	10	PB	Gargoyle	812.0
2017	10	PB	Pegasus	660.0
2017	10	PB	Pirate	15619.0
2017	10	PB	Unicorn	1889.0
2017	10	PB	Giant	370.0
2017	10	PB	Elf	2000.0
2017	10	PB	Angel	1215.0
2017	10	PB	other	6158.0
2017	11	PB	Archer	152.0
2017	11	PB	Monk	208.0
2017	11	PB	Dwarf	177.0
2017	11	PB	Centaur	525.0
2017	11	PB	Gremlin	5956.0
2017	11	PB	Genie	951.0
2017	11	PB	Demon	145.0
2017	11	PB	Ghost	451.0
2017	11	PB	Minotaur	828.0
2017	11	PB	Medusa	361.0
2017	11	PB	Goblin	384.0
2017	11	PB	Orc	900.0
2017	11	PB	Gargoyle	636.0
2017	11	PB	Pegasus	558.0
2017	11	PB	Pirate	9609.0
2017	11	PB	Unicorn	1328.0
2017	11	PB	Giant	280.0
2017	11	PB	Elf	1274.0
2017	11	PB	Angel	1076.0
2017	11	PB	other	4684.0
2017	12	PB	Archer	165.0
2017	12	PB	Monk	242.0
2017	12	PB	Dwarf	200.0
2017	12	PB	Centaur	562.0
2017	12	PB	Gremlin	8256.0
2017	12	PB	Genie	1276.0
2017	12	PB	Demon	177.0
2017	12	PB	Ghost	577.0
2017	12	PB	Minotaur	728.0
2017	12	PB	Medusa	419.0
2017	12	PB	Goblin	519.0
2017	12	PB	Orc	949.0
2017	12	PB	Gargoyle	720.0
2017	12	PB	Pegasus	665.0
2017	12	PB	Pirate	14630.0
2017	12	PB	Unicorn	1616.0
2017	12	PB	Giant	527.0
2017	12	PB	Elf	1390.0
2017	12	PB	Angel	2082.0
2017	12	PB	other	5194.0
2018	1	PB	Archer	130.0
2018	1	PB	Monk	523.0
2018	1	PB	Dwarf	278.0
2018	1	PB	Centaur	498.0
2018	1	PB	Gremlin	6668.0
2018	1	PB	Genie	1061.0
2018	1	PB	Demon	157.0
2018	1	PB	Ghost	474.0
2018	1	PB	Minotaur	1031.0
2018	1	PB	Medusa	569.0
2018	1	PB	Goblin	516.0
2018	1	PB	Orc	2748.0
2018	1	PB	Gargoyle	711.0
2018	1	PB	Pegasus	713.0
2018	1	PB	Pirate	8528.0
2018	1	PB	Unicorn	2515.0
2018	1	PB	Giant	698.0
2018	1	PB	Elf	2001.0
2018	1	PB	Angel	4106.0
2018	1	PB	other	6217.0
2018	2	PB	Archer	151.0
2018	2	PB	Monk	325.0
2018	2	PB	Dwarf	197.0
2018	2	PB	Centaur	610.0
2018	2	PB	Gremlin	7480.0
2018	2	PB	Genie	1108.0
2018	2	PB	Demon	144.0
2018	2	PB	Ghost	537.0
2018	2	PB	Minotaur	760.0
2018	2	PB	Medusa	595.0
2018	2	PB	Goblin	444.0
2018	2	PB	Orc	1482.0
2018	2	PB	Gargoyle	681.0
2018	2	PB	Pegasus	641.0
2018	2	PB	Pirate	10883.0
2018	2	PB	Unicorn	1886.0
2018	2	PB	Giant	714.0
2018	2	PB	Elf	1457.0
2018	2	PB	Angel	4199.0
2018	2	PB	other	6356.0
2018	3	PB	Archer	233.0
2018	3	PB	Monk	433.0
2018	3	PB	Dwarf	312.0
2018	3	PB	Centaur	619.0
2018	3	PB	Gremlin	8356.0
2018	3	PB	Genie	1520.0
2018	3	PB	Demon	212.0
2018	3	PB	Ghost	601.0
2018	3	PB	Minotaur	958.0
2018	3	PB	Medusa	802.0
2018	3	PB	Goblin	612.0
2018	3	PB	Orc	1739.0
2018	3	PB	Gargoyle	826.0
2018	3	PB	Pegasus	815.0
2018	3	PB	Pirate	11861.0
2018	3	PB	Unicorn	2136.0
2018	3	PB	Giant	724.0
2018	3	PB	Elf	2037.0
2018	3	PB	Angel	4304.0
2018	3	PB	other	7675.0
2018	4	PB	Archer	212.0
2018	4	PB	Monk	275.0
2018	4	PB	Dwarf	249.0
2018	4	PB	Centaur	658.0
2018	4	PB	Gremlin	9386.0
2018	4	PB	Genie	1387.0
2018	4	PB	Demon	232.0
2018	4	PB	Ghost	622.0
2018	4	PB	Minotaur	861.0
2018	4	PB	Medusa	499.0
2018	4	PB	Goblin	598.0
2018	4	PB	Orc	1096.0
2018	4	PB	Gargoyle	830.0
2018	4	PB	Pegasus	701.0
2018	4	PB	Pirate	17089.0
2018	4	PB	Unicorn	2101.0
2018	4	PB	Giant	858.0
2018	4	PB	Elf	1670.0
2018	4	PB	Angel	2549.0
2018	4	PB	other	6442.0
2018	5	PB	Archer	213.0
2018	5	PB	Monk	277.0
2018	5	PB	Dwarf	283.0
2018	5	PB	Centaur	766.0
2018	5	PB	Gremlin	8539.0
2018	5	PB	Genie	1255.0
2018	5	PB	Demon	383.0
2018	5	PB	Ghost	549.0
2018	5	PB	Minotaur	980.0
2018	5	PB	Medusa	483.0
2018	5	PB	Goblin	548.0
2018	5	PB	Orc	1106.0
2018	5	PB	Gargoyle	840.0
2018	5	PB	Pegasus	725.0
2018	5	PB	Pirate	14243.0
2018	5	PB	Unicorn	1981.0
2018	5	PB	Giant	465.0
2018	5	PB	Elf	2005.0
2018	5	PB	Angel	1442.0
2018	5	PB	other	6155.0
2018	6	PB	Archer	221.0
2018	6	PB	Monk	327.0
2018	6	PB	Dwarf	280.0
2018	6	PB	Centaur	870.0
2018	6	PB	Gremlin	8887.0
2018	6	PB	Genie	1383.0
2018	6	PB	Demon	387.0
2018	6	PB	Ghost	584.0
2018	6	PB	Minotaur	866.0
2018	6	PB	Medusa	504.0
2018	6	PB	Goblin	526.0
2018	6	PB	Orc	1095.0
2018	6	PB	Gargoyle	845.0
2018	6	PB	Pegasus	700.0
2018	6	PB	Pirate	15431.0
2018	6	PB	Unicorn	1821.0
2018	6	PB	Giant	361.0
2018	6	PB	Elf	2634.0
2018	6	PB	Angel	1440.0
2018	6	PB	other	6189.0
2018	7	PB	Archer	207.0
2018	7	PB	Monk	359.0
2018	7	PB	Dwarf	365.0
2018	7	PB	Centaur	933.0
2018	7	PB	Gremlin	10571.0
2018	7	PB	Genie	1416.0
2018	7	PB	Demon	412.0
2018	7	PB	Ghost	678.0
2018	7	PB	Minotaur	997.0
2018	7	PB	Medusa	414.0
2018	7	PB	Goblin	551.0
2018	7	PB	Orc	1142.0
2018	7	PB	Gargoyle	907.0
2018	7	PB	Pegasus	712.0
2018	7	PB	Pirate	20677.0
2018	7	PB	Unicorn	2069.0
2018	7	PB	Giant	961.0
2018	7	PB	Elf	2651.0
2018	7	PB	Angel	1561.0
2018	7	PB	other	8968.0
2018	8	PB	Archer	188.0
2018	8	PB	Monk	311.0
2018	8	PB	Dwarf	442.0
2018	8	PB	Centaur	1114.0
2018	8	PB	Gremlin	8939.0
2018	8	PB	Genie	1262.0
2018	8	PB	Demon	204.0
2018	8	PB	Ghost	585.0
2018	8	PB	Minotaur	952.0
2018	8	PB	Medusa	400.0
2018	8	PB	Goblin	512.0
2018	8	PB	Orc	1126.0
2018	8	PB	Gargoyle	814.0
2018	8	PB	Pegasus	856.0
2018	8	PB	Pirate	16753.0
2018	8	PB	Unicorn	1762.0
2018	8	PB	Giant	1805.0
2018	8	PB	Elf	2378.0
2018	8	PB	Angel	1823.0
2018	8	PB	other	9181.0
2018	9	PB	Archer	221.0
2018	9	PB	Monk	347.0
2018	9	PB	Dwarf	323.0
2018	9	PB	Centaur	853.0
2018	9	PB	Gremlin	8906.0
2018	9	PB	Genie	1286.0
2018	9	PB	Demon	261.0
2018	9	PB	Ghost	589.0
2018	9	PB	Minotaur	1025.0
2018	9	PB	Medusa	496.0
2018	9	PB	Goblin	545.0
2018	9	PB	Orc	966.0
2018	9	PB	Gargoyle	833.0
2018	9	PB	Pegasus	737.0
2018	9	PB	Pirate	15459.0
2018	9	PB	Unicorn	2024.0
2018	9	PB	Giant	907.0
2018	9	PB	Elf	2427.0
2018	9	PB	Angel	1392.0
2018	9	PB	other	9002.0
2018	10	PB	Archer	203.0
2018	10	PB	Monk	297.0
2018	10	PB	Dwarf	242.0
2018	10	PB	Centaur	942.0
2018	10	PB	Gremlin	9471.0
2018	10	PB	Genie	1314.0
2018	10	PB	Demon	265.0
2018	10	PB	Ghost	635.0
2018	10	PB	Minotaur	826.0
2018	10	PB	Medusa	528.0
2018	10	PB	Goblin	513.0
2018	10	PB	Orc	862.0
2018	10	PB	Gargoyle	800.0
2018	10	PB	Pegasus	695.0
2018	10	PB	Pirate	17488.0
2018	10	PB	Unicorn	1878.0
2018	10	PB	Giant	418.0
2018	10	PB	Elf	1742.0
2018	10	PB	Angel	1264.0
2018	10	PB	other	6250.0
2018	11	PB	Archer	163.0
2018	11	PB	Monk	241.0
2018	11	PB	Dwarf	172.0
2018	11	PB	Centaur	667.0
2018	11	PB	Gremlin	6645.0
2018	11	PB	Genie	1016.0
2018	11	PB	Demon	183.0
2018	11	PB	Ghost	451.0
2018	11	PB	Minotaur	775.0
2018	11	PB	Medusa	490.0
2018	11	PB	Goblin	432.0
2018	11	PB	Orc	857.0
2018	11	PB	Gargoyle	621.0
2018	11	PB	Pegasus	572.0
2018	11	PB	Pirate	11443.0
2018	11	PB	Unicorn	1496.0
2018	11	PB	Giant	326.0
2018	11	PB	Elf	1221.0
2018	11	PB	Angel	1138.0
2018	11	PB	other	4892.0
2018	12	PB	Archer	163.0
2018	12	PB	Monk	262.0
2018	12	PB	Dwarf	200.0
2018	12	PB	Centaur	587.0
2018	12	PB	Gremlin	8750.0
2018	12	PB	Genie	1135.0
2018	12	PB	Demon	189.0
2018	12	PB	Ghost	557.0
2018	12	PB	Minotaur	834.0
2018	12	PB	Medusa	472.0
2018	12	PB	Goblin	543.0
2018	12	PB	Orc	1010.0
2018	12	PB	Gargoyle	742.0
2018	12	PB	Pegasus	664.0
2018	12	PB	Pirate	16101.0
2018	12	PB	Unicorn	1878.0
2018	12	PB	Giant	572.0
2018	12	PB	Elf	1515.0
2018	12	PB	Angel	2066.0
2018	12	PB	other	5487.0
2019	1	PB	Archer	140.0
2019	1	PB	Monk	748.0
2019	1	PB	Dwarf	281.0
2019	1	PB	Centaur	549.0
2019	1	PB	Gremlin	7379.0
2019	1	PB	Genie	993.0
2019	1	PB	Demon	155.0
2019	1	PB	Ghost	476.0
2019	1	PB	Minotaur	1129.0
2019	1	PB	Medusa	665.0
2019	1	PB	Goblin	584.0
2019	1	PB	Orc	2389.0
2019	1	PB	Gargoyle	721.0
2019	1	PB	Pegasus	677.0
2019	1	PB	Pirate	10405.0
2019	1	PB	Unicorn	2173.0
2019	1	PB	Giant	805.0
2019	1	PB	Elf	1960.0
2019	1	PB	Angel	3516.0
2019	1	PB	other	6821.0
2019	2	PB	Archer	156.0
2019	2	PB	Monk	492.0
2019	2	PB	Dwarf	217.0
2019	2	PB	Centaur	673.0
2019	2	PB	Gremlin	7609.0
2019	2	PB	Genie	1042.0
2019	2	PB	Demon	144.0
2019	2	PB	Ghost	493.0
2019	2	PB	Minotaur	921.0
2019	2	PB	Medusa	621.0
2019	2	PB	Goblin	505.0
2019	2	PB	Orc	1553.0
2019	2	PB	Gargoyle	674.0
2019	2	PB	Pegasus	683.0
2019	2	PB	Pirate	11346.0
2019	2	PB	Unicorn	2010.0
2019	2	PB	Giant	798.0
2019	2	PB	Elf	1625.0
2019	2	PB	Angel	4243.0
2019	2	PB	other	6272.0
2019	3	PB	Archer	247.0
2019	3	PB	Monk	278.0
2019	3	PB	Dwarf	344.0
2019	3	PB	Centaur	647.0
2019	3	PB	Gremlin	9464.0
2019	3	PB	Genie	1462.0
2019	3	PB	Demon	264.0
2019	3	PB	Ghost	622.0
2019	3	PB	Minotaur	968.0
2019	3	PB	Medusa	931.0
2019	3	PB	Goblin	612.0
2019	3	PB	Orc	1675.0
2019	3	PB	Gargoyle	820.0
2019	3	PB	Pegasus	779.0
2019	3	PB	Pirate	14918.0
2019	3	PB	Unicorn	2279.0
2019	3	PB	Giant	801.0
2019	3	PB	Elf	2105.0
2019	3	PB	Angel	3759.0
2019	3	PB	other	7894.0
2019	4	PB	Archer	215.0
2019	4	PB	Monk	274.0
2019	4	PB	Dwarf	266.0
2019	4	PB	Centaur	598.0
2019	4	PB	Gremlin	9041.0
2019	4	PB	Genie	1266.0
2019	4	PB	Demon	258.0
2019	4	PB	Ghost	636.0
2019	4	PB	Minotaur	1005.0
2019	4	PB	Medusa	523.0
2019	4	PB	Goblin	595.0
2019	4	PB	Orc	1004.0
2019	4	PB	Gargoyle	848.0
2019	4	PB	Pegasus	776.0
2019	4	PB	Pirate	16903.0
2019	4	PB	Unicorn	2061.0
2019	4	PB	Giant	826.0
2019	4	PB	Elf	1663.0
2019	4	PB	Angel	2803.0
2019	4	PB	other	6483.0
2019	5	PB	Archer	221.0
2019	5	PB	Monk	270.0
2019	5	PB	Dwarf	256.0
2019	5	PB	Centaur	747.0
2019	5	PB	Gremlin	9194.0
2019	5	PB	Genie	1313.0
2019	5	PB	Demon	444.0
2019	5	PB	Ghost	592.0
2019	5	PB	Minotaur	856.0
2019	5	PB	Medusa	528.0
2019	5	PB	Goblin	534.0
2019	5	PB	Orc	983.0
2019	5	PB	Gargoyle	835.0
2019	5	PB	Pegasus	764.0
2019	5	PB	Pirate	16532.0
2019	5	PB	Unicorn	2083.0
2019	5	PB	Giant	425.0
2019	5	PB	Elf	1830.0
2019	5	PB	Angel	1317.0
2019	5	PB	other	6290.0
2019	6	PB	Archer	220.0
2019	6	PB	Monk	343.0
2019	6	PB	Dwarf	322.0
2019	6	PB	Centaur	843.0
2019	6	PB	Gremlin	9222.0
2019	6	PB	Genie	1247.0
2019	6	PB	Demon	575.0
2019	6	PB	Ghost	608.0
2019	6	PB	Minotaur	1145.0
2019	6	PB	Medusa	475.0
2019	6	PB	Goblin	546.0
2019	6	PB	Orc	933.0
2019	6	PB	Gargoyle	825.0
2019	6	PB	Pegasus	718.0
2019	6	PB	Pirate	16501.0
2019	6	PB	Unicorn	2084.0
2019	6	PB	Giant	469.0
2019	6	PB	Elf	2648.0
2019	6	PB	Angel	1477.0
2019	6	PB	other	6831.0
2019	7	PB	Archer	202.0
2019	7	PB	Monk	348.0
2019	7	PB	Dwarf	365.0
2019	7	PB	Centaur	987.0
2019	7	PB	Gremlin	10825.0
2019	7	PB	Genie	1376.0
2019	7	PB	Demon	317.0
2019	7	PB	Ghost	667.0
2019	7	PB	Minotaur	1011.0
2019	7	PB	Medusa	386.0
2019	7	PB	Goblin	553.0
2019	7	PB	Orc	1026.0
2019	7	PB	Gargoyle	908.0
2019	7	PB	Pegasus	705.0
2019	7	PB	Pirate	21231.0
2019	7	PB	Unicorn	2191.0
2019	7	PB	Giant	885.0
2019	7	PB	Elf	3043.0
2019	7	PB	Angel	1584.0
2019	7	PB	other	8870.0
2019	8	PB	Archer	173.0
2019	8	PB	Monk	315.0
2019	8	PB	Dwarf	377.0
2019	8	PB	Centaur	1097.0
2019	8	PB	Gremlin	9162.0
2019	8	PB	Genie	1179.0
2019	8	PB	Demon	269.0
2019	8	PB	Ghost	599.0
2019	8	PB	Minotaur	1174.0
2019	8	PB	Medusa	398.0
2019	8	PB	Goblin	515.0
2019	8	PB	Orc	1103.0
2019	8	PB	Gargoyle	932.0
2019	8	PB	Pegasus	804.0
2019	8	PB	Pirate	17410.0
2019	8	PB	Unicorn	1897.0
2019	8	PB	Giant	1868.0
2019	8	PB	Elf	2726.0
2019	8	PB	Angel	1745.0
2019	8	PB	other	10084.0
2019	9	PB	Archer	233.0
2019	9	PB	Monk	334.0
2019	9	PB	Dwarf	332.0
2019	9	PB	Centaur	830.0
2019	9	PB	Gremlin	8976.0
2019	9	PB	Genie	1280.0
2019	9	PB	Demon	250.0
2019	9	PB	Ghost	596.0
2019	9	PB	Minotaur	1066.0
2019	9	PB	Medusa	540.0
2019	9	PB	Goblin	534.0
2019	9	PB	Orc	948.0
2019	9	PB	Gargoyle	824.0
2019	9	PB	Pegasus	798.0
2019	9	PB	Pirate	15752.0
2019	9	PB	Unicorn	1896.0
2019	9	PB	Giant	715.0
2019	9	PB	Elf	2477.0
2019	9	PB	Angel	1355.0
2019	9	PB	other	8062.0
