user_id,first_name,last_name,email,country,ip_address,gender,job_title,full_name
1,Lois,Rivera,lrivera0@bravesites.com,Russia,117.83.197.114,F,Health Care,Lois Rivera
2,Steven,Romero,sromero1@edublogs.org,Mexico,21.145.52.57,M,Information Technology,Steven Romero
3,Roy,Gordon,rgordon2@cnet.com,Indonesia,97.241.136.201,M,Management,Roy Gordon
4,Joshua,Smith,jsmith3@hibu.com,China,84.80.143.14,M,Health Care,Joshua Smith
5,Jacqueline,Bailey,jbailey4@sitemeter.com,Indonesia,151.167.141.67,F,Health Care,Jacqueline Bailey
6,Mark,Cook,mcook5@alexa.com,Japan,65.207.176.123,M,Health Care,Mark Cook
7,Deborah,Lee,dlee6@symantec.com,Indonesia,68.100.250.101,F,Education,Deborah Lee
8,Dennis,Patterson,dpatterson7@marketwatch.com,Zambia,118.10.76.78,M,Health Care,Dennis Patterson
9,Lori,Alexander,lalexander8@people.com.cn,China,240.76.80.77,F,Education,Lori Alexander
10,Irene,Elliott,ielliott9@e-recht24.de,Indonesia,221.229.91.244,F,Human Resources,Irene Elliott
11,Bruce,Stone,bstonea@a8.net,Tajikistan,144.117.100.31,M,Information Technology,Bruce Stone
12,David,Gibson,dgibsonb@smugmug.com,Indonesia,148.203.156.115,M,Health Care,David Gibson
13,Willie,Rodriguez,wrodriguezc@nymag.com,China,126.50.150.126,M,Information Technology,Willie Rodriguez
14,Charles,Willis,cwillisd@myspace.com,China,69.172.72.72,M,Information Technology,Charles Willis
15,Christine,Adams,cadamse@gizmodo.com,Cuba,155.239.135.208,F,Human Resources,Christine Adams
16,Kelly,Hanson,khansonf@microsoft.com,Chile,240.23.251.60,F,Health Care,Kelly Hanson
17,Ruth,Hughes,rhughesg@auda.org.au,China,195.162.103.211,F,Management,Ruth Hughes
18,Ernest,Kelly,ekellyh@goo.ne.jp,New Zealand,19.110.76.68,M,Management,Ernest Kelly
19,Keith,Powell,kpowelli@baidu.com,Philippines,105.121.142.72,M,Management,Keith Powell
20,Thomas,Barnes,tbarnesj@google.cn,Indonesia,26.155.206.85,M,Health Care,Thomas Barnes
21,Joyce,Edwards,jedwardsk@sbwire.com,Brazil,63.130.212.249,F,Management,Joyce Edwards
22,Steve,Powell,spowelll@discovery.com,Indonesia,73.54.191.192,M,Information Technology,Steve Powell
23,Juan,Nguyen,jnguyenm@example.com,Cyprus,96.152.163.124,M,Information Technology,Juan Nguyen
24,Martha,Rose,mrosen@noaa.gov,Indonesia,6.174.72.206,F,Information Technology,Martha Rose
25,Lois,Morgan,lmorgano@deviantart.com,Indonesia,212.51.139.203,F,Education,Lois Morgan
26,Gary,Sullivan,gsullivanp@ezinearticles.com,Palestinian Territory,225.62.222.79,M,Management,Gary Sullivan
27,Lisa,Hamilton,lhamiltonq@webeden.co.uk,Egypt,149.241.76.212,F,Health Care,Lisa Hamilton
28,Marilyn,Montgomery,mmontgomeryr@discovery.com,Iran,113.188.147.14,F,Health Care,Marilyn Montgomery
29,Keith,Burton,kburtons@amazon.de,Serbia,82.8.100.18,M,Information Technology,Keith Burton
30,Doris,Lawrence,dlawrencet@ask.com,China,170.118.73.100,F,Education,Doris Lawrence
31,Margaret,Jacobs,mjacobsu@yandex.ru,United States,122.242.95.145,F,Health Care,Margaret Jacobs
32,Norma,Howell,nhowellv@myspace.com,Indonesia,0.65.51.230,F,Health Care,Norma Howell
33,Steven,Scott,sscottw@un.org,Central African Republic,178.79.54.121,M,Information Technology,Steven Scott
34,Jeremy,Frazier,jfrazierx@freewebs.com,Russia,223.151.102.185,M,Information Technology,Jeremy Frazier
35,Gregory,Stewart,gstewarty@about.com,Indonesia,38.33.240.191,M,Education,Gregory Stewart
36,Anthony,Fuller,afullerz@dedecms.com,China,227.213.151.78,M,Management,Anthony Fuller
37,Shawn,Marshall,smarshall10@123-reg.co.uk,Brazil,14.26.182.31,M,Management,Shawn Marshall
38,Sandra,Burton,sburton11@imgur.com,Portugal,144.49.73.50,F,Health Care,Sandra Burton
39,Fred,Carpenter,fcarpenter12@state.gov,Sierra Leone,88.232.139.110,M,Health Care,Fred Carpenter
40,Tammy,Barnes,tbarnes13@pcworld.com,Czech Republic,108.93.252.72,F,Management,Tammy Barnes
41,Ernest,Owens,eowens14@quantcast.com,Tanzania,176.158.166.208,M,Information Technology,Ernest Owens
42,Stephanie,Robinson,srobinson15@ft.com,Lithuania,224.84.123.251,F,Education,Stephanie Robinson
43,Susan,Wallace,swallace16@samsung.com,Mongolia,246.15.173.221,F,Human Resources,Susan Wallace
44,Paula,Webb,pwebb17@mac.com,Armenia,68.16.242.206,F,Education,Paula Webb
45,Dorothy,Meyer,dmeyer18@stumbleupon.com,Botswana,92.185.216.192,F,Education,Dorothy Meyer
46,Bonnie,Tucker,btucker19@com.com,Mexico,137.116.154.204,F,Human Resources,Bonnie Tucker
47,Paul,Wallace,pwallace1a@pen.io,Argentina,5.184.138.212,M,Information Technology,Paul Wallace
48,Howard,Sanchez,hsanchez1b@scribd.com,Indonesia,189.92.131.216,M,Information Technology,Howard Sanchez
49,Andrea,Cooper,acooper1c@upenn.edu,Indonesia,113.73.251.26,F,Information Technology,Andrea Cooper
50,Justin,Gordon,jgordon1d@europa.eu,United States,196.252.166.246,M,Management,Justin Gordon
51,Randy,Ruiz,rruiz1e@dagondesign.com,Indonesia,247.32.199.85,M,Information Technology,Randy Ruiz
52,Sandra,Alvarez,salvarez1f@weebly.com,China,199.237.58.15,F,Health Care,Sandra Alvarez
53,Jason,Lynch,jlynch1g@cbc.ca,China,52.252.24.173,M,Health Care,Jason Lynch
54,Randy,Johnson,rjohnson1h@google.nl,Vietnam,243.114.182.141,M,Management,Randy Johnson
55,Donna,Nichols,dnichols1i@ask.com,China,38.158.183.46,F,Human Resources,Donna Nichols
56,Kevin,Nichols,knichols1j@cafepress.com,Philippines,81.105.231.138,M,Information Technology,Kevin Nichols
57,Joseph,Reid,jreid1k@chron.com,Venezuela,179.18.175.129,M,Health Care,Joseph Reid
58,Evelyn,Howell,ehowell1l@studiopress.com,Moldova,7.16.76.97,F,Health Care,Evelyn Howell
59,Melissa,Roberts,mroberts1m@usnews.com,New Zealand,143.188.121.25,F,Human Resources,Melissa Roberts
60,Johnny,Kim,jkim1n@mac.com,Philippines,80.58.200.0,M,Health Care,Johnny Kim
61,Nicole,Shaw,nshaw1o@si.edu,Russia,23.207.45.125,F,Human Resources,Nicole Shaw
62,Mark,Romero,mromero1p@weebly.com,Portugal,226.7.141.179,M,Management,Mark Romero
63,Chris,Gonzales,cgonzales1q@nasa.gov,Philippines,202.249.147.53,M,Education,Chris Gonzales
64,Emily,Baker,ebaker1r@loc.gov,Sweden,208.54.226.24,F,Human Resources,Emily Baker
65,Catherine,Spencer,cspencer1s@networksolutions.com,Yemen,17.26.14.183,F,Health Care,Catherine Spencer
66,Patricia,Johnson,pjohnson1t@yahoo.com,Japan,102.21.175.182,F,Information Technology,Patricia Johnson
67,Randy,Williams,rwilliams1u@columbia.edu,Cameroon,4.51.15.227,M,Information Technology,Randy Williams
68,Jack,Cooper,jcooper1v@cbc.ca,Kenya,217.145.145.70,M,Information Technology,Jack Cooper
69,Gloria,Stanley,gstanley1w@artisteer.com,China,84.246.160.93,F,Information Technology,Gloria Stanley
70,Clarence,Ray,cray1x@vkontakte.ru,Bulgaria,173.98.197.133,M,Education,Clarence Ray
71,Nancy,Garcia,ngarcia1y@statcounter.com,Czech Republic,165.222.166.241,F,Human Resources,Nancy Garcia
72,Russell,Arnold,rarnold1z@mapy.cz,France,122.110.238.231,M,Health Care,Russell Arnold
73,Carol,Watkins,cwatkins20@accuweather.com,Nigeria,100.235.177.148,F,Human Resources,Carol Watkins
74,Sharon,Graham,sgraham21@squidoo.com,China,31.226.104.83,F,Health Care,Sharon Graham
75,Karen,West,kwest22@va.gov,China,127.149.15.125,F,Education,Karen West
76,Kathleen,Schmidt,kschmidt23@ucla.edu,Iran,218.102.168.38,F,Health Care,Kathleen Schmidt
77,Alan,Wallace,awallace24@themeforest.net,Slovenia,11.0.206.219,M,Information Technology,Alan Wallace
78,Betty,Mendoza,bmendoza25@zdnet.com,China,126.12.11.184,F,Human Resources,Betty Mendoza
79,Dennis,Thomas,dthomas26@fema.gov,Philippines,190.180.143.244,M,Human Resources,Dennis Thomas
80,Shawn,Chapman,schapman27@phoca.cz,Venezuela,152.162.9.47,M,Information Technology,Shawn Chapman
81,Cynthia,Stone,cstone28@xinhuanet.com,United States,227.244.95.80,F,Human Resources,Cynthia Stone
82,Linda,Murphy,lmurphy29@sciencedaily.com,Sweden,207.238.144.254,F,Management,Linda Murphy
83,Diana,Richards,drichards2a@typepad.com,Norway,90.196.107.250,F,Health Care,Diana Richards
84,Christine,Mccoy,cmccoy2b@purevolume.com,China,110.217.250.223,F,Education,Christine Mccoy
85,Julie,Warren,jwarren2c@usda.gov,Philippines,123.158.147.246,F,Health Care,Julie Warren
86,Kenneth,Vasquez,kvasquez2d@techcrunch.com,Mexico,55.84.75.22,M,Health Care,Kenneth Vasquez
87,Patrick,Graham,pgraham2e@taobao.com,Czech Republic,99.12.97.23,M,Education,Patrick Graham
88,Sandra,Robinson,srobinson2f@state.tx.us,Sweden,33.199.24.189,F,Health Care,Sandra Robinson
89,Jean,Garrett,jgarrett2g@hubpages.com,China,157.230.252.153,F,Health Care,Jean Garrett
90,Ronald,Henderson,rhenderson2h@cpanel.net,Greenland,98.156.204.204,M,Information Technology,Ronald Henderson
91,Rebecca,Snyder,rsnyder2i@amazon.co.jp,Thailand,233.147.65.239,F,Health Care,Rebecca Snyder
92,Kevin,Wilson,kwilson2j@sun.com,Macedonia,24.2.199.67,M,Human Resources,Kevin Wilson
93,Gary,Fowler,gfowler2k@51.la,Indonesia,49.205.102.124,M,Health Care,Gary Fowler
94,George,Weaver,gweaver2l@sina.com.cn,United States,246.109.137.57,M,Management,George Weaver
95,Todd,Scott,tscott2m@addtoany.com,Russia,20.204.94.173,M,Information Technology,Todd Scott
96,Anna,Burns,aburns2n@squidoo.com,Iran,134.69.188.76,F,Health Care,Anna Burns
97,Jennifer,Reyes,jreyes2o@shop-pro.jp,Serbia,102.46.193.166,F,Health Care,Jennifer Reyes
98,Willie,Lane,wlane2p@delicious.com,China,189.65.221.144,M,Information Technology,Willie Lane
99,Gregory,Carr,gcarr2q@addthis.com,Mauritius,65.24.136.235,M,Management,Gregory Carr
100,Shawn,Greene,sgreene2r@elpais.com,Thailand,222.50.84.104,M,Management,Shawn Greene
101,Carlos,Henderson,chenderson2s@t-online.de,Democratic Republic of the Congo,233.199.253.48,M,Information Technology,Carlos Henderson
102,James,Meyer,jmeyer2t@cargocollective.com,China,255.162.90.188,M,Human Resources,James Meyer
103,Eric,Watson,ewatson2u@youtu.be,France,75.139.248.49,M,Information Technology,Eric Watson
104,Harry,Hansen,hhansen2v@theglobeandmail.com,China,131.225.74.23,M,Management,Harry Hansen
105,Gerald,Lewis,glewis2w@cafepress.com,United States,21.144.90.214,M,Information Technology,Gerald Lewis
106,Matthew,Coleman,mcoleman2x@quantcast.com,Russia,175.164.73.175,M,Health Care,Matthew Coleman
107,Philip,Montgomery,pmontgomery2y@mapquest.com,Greece,42.126.30.211,M,Information Technology,Philip Montgomery
108,Barbara,Cole,bcole2z@about.com,Netherlands,54.177.170.204,F,Management,Barbara Cole
109,Donna,Welch,dwelch30@google.com.br,China,102.150.73.60,F,Human Resources,Donna Welch
110,Phillip,Dixon,pdixon31@google.nl,Russia,246.205.244.53,M,Information Technology,Phillip Dixon
111,Brandon,White,bwhite32@nytimes.com,Brazil,178.221.42.254,M,Health Care,Brandon White
112,Gregory,Peterson,gpeterson33@java.com,China,87.234.123.6,M,Information Technology,Gregory Peterson
113,Arthur,Griffin,agriffin34@umich.edu,Indonesia,213.211.206.214,M,Management,Arthur Griffin
114,Stephen,Evans,sevans35@craigslist.org,Nigeria,249.6.247.218,M,Management,Stephen Evans
115,Lori,Powell,lpowell36@google.com.br,Zambia,223.41.40.65,F,Education,Lori Powell
116,Eric,Perez,eperez37@narod.ru,Nicaragua,102.122.187.142,M,Management,Eric Perez
117,Amy,Ray,aray38@baidu.com,Thailand,200.57.243.198,F,Health Care,Amy Ray
118,Louise,Garrett,lgarrett39@wired.com,China,142.8.108.214,F,Management,Louise Garrett
119,Alice,Thompson,athompson3a@mozilla.org,Estonia,144.56.99.185,F,Health Care,Alice Thompson
120,Brenda,Hughes,bhughes3b@wordpress.org,Madagascar,26.109.36.75,F,Human Resources,Brenda Hughes
121,Edward,Elliott,eelliott3c@amazon.de,China,91.114.113.141,M,Human Resources,Edward Elliott
122,Carl,Dixon,cdixon3d@fc2.com,Reunion,127.182.27.20,M,Information Technology,Carl Dixon
123,Deborah,Allen,dallen3e@ucoz.ru,Madagascar,223.44.153.160,F,Education,Deborah Allen
124,Barbara,Payne,bpayne3f@myspace.com,Cambodia,60.124.229.73,F,Human Resources,Barbara Payne
125,Laura,Price,lprice3g@omniture.com,China,115.101.203.4,F,Education,Laura Price
126,Larry,Gilbert,lgilbert3h@cornell.edu,France,87.101.55.19,M,Information Technology,Larry Gilbert
127,Charles,Payne,cpayne3i@vistaprint.com,Sudan,198.61.0.232,M,Information Technology,Charles Payne
128,Timothy,Jenkins,tjenkins3j@drupal.org,China,49.80.220.5,M,Human Resources,Timothy Jenkins
129,Mark,Porter,mporter3k@washington.edu,Argentina,191.64.190.184,M,Information Technology,Mark Porter
130,Carolyn,Hanson,chanson3l@sciencedaily.com,Czech Republic,97.227.154.89,F,Health Care,Carolyn Hanson
131,Robin,Miller,rmiller3m@ihg.com,Israel,139.177.155.253,F,Human Resources,Robin Miller
132,Denise,Rogers,drogers3n@icio.us,Russia,217.54.75.71,F,Management,Denise Rogers
133,Tina,Sullivan,tsullivan3o@furl.net,Peru,208.67.238.55,F,Human Resources,Tina Sullivan
134,Patricia,Scott,pscott3p@wufoo.com,Philippines,71.246.144.127,F,Education,Patricia Scott
135,Donald,Stewart,dstewart3q@hc360.com,Poland,50.112.184.135,M,Human Resources,Donald Stewart
136,Mary,Mendoza,mmendoza3r@webmd.com,Greece,20.45.156.36,F,Human Resources,Mary Mendoza
137,Lisa,Roberts,lroberts3s@businessinsider.com,Russia,188.101.72.218,F,Health Care,Lisa Roberts
138,Nicole,Rivera,nrivera3t@si.edu,Iraq,118.16.67.24,F,Health Care,Nicole Rivera
139,Louise,Ellis,lellis3u@hud.gov,South Africa,232.83.89.68,F,Management,Louise Ellis
140,Kevin,Matthews,kmatthews3v@eepurl.com,Egypt,141.36.152.119,M,Human Resources,Kevin Matthews
141,James,Phillips,jphillips3w@seattletimes.com,British Virgin Islands,117.20.75.55,M,Health Care,James Phillips
142,Mildred,Morris,mmorris3x@marriott.com,China,115.205.224.32,F,Education,Mildred Morris
143,Douglas,Carpenter,dcarpenter3y@thetimes.co.uk,Thailand,114.47.144.91,M,Health Care,Douglas Carpenter
144,Fred,Nguyen,fnguyen3z@nifty.com,Poland,48.189.74.85,M,Health Care,Fred Nguyen
145,Ann,Cole,acole40@diigo.com,Kyrgyzstan,107.125.205.191,F,Health Care,Ann Cole
146,Angela,Morris,amorris41@ycombinator.com,Russia,225.205.115.208,F,Management,Angela Morris
147,Rose,Rose,rrose42@washingtonpost.com,Brazil,16.130.145.201,F,Health Care,Rose Rose
148,Annie,Harvey,aharvey43@usnews.com,China,180.54.230.237,F,Health Care,Annie Harvey
149,Frances,Woods,fwoods44@blog.com,Costa Rica,141.68.79.62,F,Management,Frances Woods
150,Gerald,Chavez,gchavez45@google.com,Czech Republic,99.136.155.30,M,Management,Gerald Chavez
151,Lori,James,ljames46@soundcloud.com,Indonesia,30.126.171.141,F,Education,Lori James
152,Ronald,Meyer,rmeyer47@census.gov,Poland,255.4.24.72,M,Information Technology,Ronald Meyer
153,Wayne,Murphy,wmurphy48@oracle.com,China,78.87.64.88,M,Health Care,Wayne Murphy
154,Joe,Ross,jross49@wikimedia.org,Bolivia,8.54.250.140,M,Information Technology,Joe Ross
155,Teresa,Jones,tjones4a@google.ca,China,213.32.151.185,F,Health Care,Teresa Jones
156,Alice,Jackson,ajackson4b@google.com,Argentina,103.89.203.83,F,Management,Alice Jackson
157,Alan,Ryan,aryan4c@typepad.com,Ukraine,113.164.140.107,M,Education,Alan Ryan
158,Paula,Wheeler,pwheeler4d@cnn.com,Sweden,235.254.145.0,F,Health Care,Paula Wheeler
159,Sara,Hamilton,shamilton4e@blogs.com,Japan,26.126.4.149,F,Education,Sara Hamilton
160,Frances,Pierce,fpierce4f@infoseek.co.jp,Indonesia,12.73.37.172,F,Health Care,Frances Pierce
161,Kathryn,Price,kprice4g@plala.or.jp,China,95.60.23.68,F,Health Care,Kathryn Price
162,John,Thomas,jthomas4h@uol.com.br,Swaziland,178.14.79.234,M,Information Technology,John Thomas
163,Linda,Griffin,lgriffin4i@rakuten.co.jp,Russia,127.253.112.126,F,Management,Linda Griffin
164,Willie,Lee,wlee4j@uol.com.br,Yemen,62.119.104.14,M,Health Care,Willie Lee
165,Mildred,Edwards,medwards4k@quantcast.com,France,156.224.119.208,F,Management,Mildred Edwards
166,Brenda,Hart,bhart4l@creativecommons.org,China,9.161.12.7,F,Management,Brenda Hart
167,Dorothy,Grant,dgrant4m@discovery.com,China,126.62.233.77,F,Health Care,Dorothy Grant
168,Joyce,Bryant,jbryant4n@last.fm,China,28.142.157.103,F,Information Technology,Joyce Bryant
169,Matthew,Welch,mwelch4o@surveymonkey.com,China,110.1.74.8,M,Human Resources,Matthew Welch
170,Antonio,Turner,aturner4p@nasa.gov,United States,142.152.147.211,M,Management,Antonio Turner
171,Gary,James,gjames4q@flickr.com,United States,174.152.65.181,M,Management,Gary James
172,Philip,Wells,pwells4r@fotki.com,Mayotte,70.75.193.106,M,Management,Philip Wells
173,Angela,Wallace,awallace4s@gmpg.org,Ecuador,30.254.242.219,F,Management,Angela Wallace
174,Arthur,Gordon,agordon4t@engadget.com,Indonesia,142.241.96.55,M,Information Technology,Arthur Gordon
175,Jean,Jordan,jjordan4u@friendfeed.com,China,190.103.235.160,F,Management,Jean Jordan
176,Judith,Simpson,jsimpson4v@etsy.com,China,16.200.54.218,F,Education,Judith Simpson
177,Ryan,Young,ryoung4w@samsung.com,Ukraine,129.91.123.0,M,Information Technology,Ryan Young
178,Jason,Davis,jdavis4x@about.me,China,157.179.1.45,M,Information Technology,Jason Davis
179,Frances,Austin,faustin4y@wikipedia.org,Egypt,134.203.227.250,F,Health Care,Frances Austin
180,Victor,Stewart,vstewart4z@upenn.edu,Japan,217.149.29.116,M,Health Care,Victor Stewart
181,Douglas,Gomez,dgomez50@harvard.edu,Ukraine,14.142.181.250,M,Information Technology,Douglas Gomez
182,Johnny,Elliott,jelliott51@cdc.gov,Pakistan,219.60.59.197,M,Information Technology,Johnny Elliott
183,Nicholas,Williamson,nwilliamson52@yale.edu,Russia,30.229.115.255,M,Information Technology,Nicholas Williamson
184,Angela,Edwards,aedwards53@prlog.org,Jordan,176.248.48.76,F,Management,Angela Edwards
185,Andrew,Owens,aowens54@1und1.de,Peru,189.27.93.68,M,Information Technology,Andrew Owens
186,Patricia,Reid,preid55@issuu.com,Brazil,7.248.91.46,F,Education,Patricia Reid
187,Howard,Stevens,hstevens56@netlog.com,Bangladesh,173.254.167.208,M,Human Resources,Howard Stevens
188,Lori,Taylor,ltaylor57@reuters.com,Denmark,108.32.13.39,F,Human Resources,Lori Taylor
189,Clarence,Morales,cmorales58@va.gov,Thailand,115.128.140.185,M,Management,Clarence Morales
190,Evelyn,Bradley,ebradley59@sun.com,Russia,242.125.254.100,F,Health Care,Evelyn Bradley
191,Walter,Ross,wross5a@moonfruit.com,China,12.112.166.254,M,Information Technology,Walter Ross
192,Bruce,Stanley,bstanley5b@usgs.gov,Russia,252.204.202.223,M,Management,Bruce Stanley
193,Harold,Hamilton,hhamilton5c@nsw.gov.au,Poland,164.7.65.215,M,Health Care,Harold Hamilton
194,Billy,Boyd,bboyd5d@simplemachines.org,China,59.102.43.101,M,Health Care,Billy Boyd
195,Frank,Cook,fcook5e@1und1.de,Brazil,36.190.50.198,M,Information Technology,Frank Cook
196,Terry,Armstrong,tarmstrong5f@exblog.jp,China,159.233.181.94,M,Management,Terry Armstrong
197,Ralph,Bennett,rbennett5g@oracle.com,Honduras,234.150.135.197,M,Information Technology,Ralph Bennett
198,Walter,Burton,wburton5h@unc.edu,Indonesia,178.234.238.1,M,Information Technology,Walter Burton
199,Louis,Nguyen,lnguyen5i@prnewswire.com,United States,17.27.166.150,M,Information Technology,Louis Nguyen
200,Julia,Carr,jcarr5j@cnbc.com,Zimbabwe,50.194.52.153,F,Health Care,Julia Carr
